CREATE DATABASE  IF NOT EXISTS `dwproject_dreamvaca` /*!40100 DEFAULT CHARACTER SET utf8mb4 COLLATE utf8mb4_0900_ai_ci */ /*!80016 DEFAULT ENCRYPTION='N' */;
USE `dwproject_dreamvaca`;
-- MySQL dump 10.13  Distrib 8.0.28, for Win64 (x86_64)
--
-- Host: 127.0.0.1    Database: dwproject_dreamvaca
-- ------------------------------------------------------
-- Server version	8.0.28

/*!40101 SET @OLD_CHARACTER_SET_CLIENT=@@CHARACTER_SET_CLIENT */;
/*!40101 SET @OLD_CHARACTER_SET_RESULTS=@@CHARACTER_SET_RESULTS */;
/*!40101 SET @OLD_COLLATION_CONNECTION=@@COLLATION_CONNECTION */;
/*!50503 SET NAMES utf8 */;
/*!40103 SET @OLD_TIME_ZONE=@@TIME_ZONE */;
/*!40103 SET TIME_ZONE='+00:00' */;
/*!40014 SET @OLD_UNIQUE_CHECKS=@@UNIQUE_CHECKS, UNIQUE_CHECKS=0 */;
/*!40014 SET @OLD_FOREIGN_KEY_CHECKS=@@FOREIGN_KEY_CHECKS, FOREIGN_KEY_CHECKS=0 */;
/*!40101 SET @OLD_SQL_MODE=@@SQL_MODE, SQL_MODE='NO_AUTO_VALUE_ON_ZERO' */;
/*!40111 SET @OLD_SQL_NOTES=@@SQL_NOTES, SQL_NOTES=0 */;

--
-- Table structure for table `aircraft`
--

DROP TABLE IF EXISTS `aircraft`;
/*!40101 SET @saved_cs_client     = @@character_set_client */;
/*!50503 SET character_set_client = utf8mb4 */;
CREATE TABLE `aircraft` (
  `AC_NUMBER` varchar(5) NOT NULL,
  `MOD_CODE` varchar(10) DEFAULT NULL,
  `AC_TTAF` float DEFAULT NULL,
  `AC_TTEL` float DEFAULT NULL,
  `AC_TTER` float DEFAULT NULL,
  PRIMARY KEY (`AC_NUMBER`)
) ENGINE=InnoDB DEFAULT CHARSET=utf8mb4 COLLATE=utf8mb4_0900_ai_ci;
/*!40101 SET character_set_client = @saved_cs_client */;

--
-- Dumping data for table `aircraft`
--

LOCK TABLES `aircraft` WRITE;
/*!40000 ALTER TABLE `aircraft` DISABLE KEYS */;
INSERT INTO `aircraft` VALUES ('1484P','PA23-250',1833.1,1833.1,101.8),('2289L','C-90A',4243.8,768.9,1123.4),('2778V','PA31-350',7992.9,1513.1,789.5),('4278Y','PA31-350',2147.3,622.1,243.2);
/*!40000 ALTER TABLE `aircraft` ENABLE KEYS */;
UNLOCK TABLES;

--
-- Table structure for table `charter`
--

DROP TABLE IF EXISTS `charter`;
/*!40101 SET @saved_cs_client     = @@character_set_client */;
/*!50503 SET character_set_client = utf8mb4 */;
CREATE TABLE `charter` (
  `CHAR_TRIP` int NOT NULL,
  `CHAR_DATE` datetime DEFAULT NULL,
  `CHAR_PILOT` int DEFAULT NULL,
  `AC_NUMBER` varchar(5) DEFAULT NULL,
  `CHAR_DESTINATION` varchar(3) DEFAULT NULL,
  `CHAR_DISTANCE` int DEFAULT NULL,
  `CHAR_HOURS_FLOWN` float DEFAULT NULL,
  `CHAR_HOURS_WAIT` float DEFAULT NULL,
  `CHAR_FUEL_GALLONS` float DEFAULT NULL,
  `CHAR_OIL_QTS` int DEFAULT NULL,
  `CUS_CODE` int DEFAULT NULL,
  PRIMARY KEY (`CHAR_TRIP`)
) ENGINE=InnoDB DEFAULT CHARSET=utf8mb4 COLLATE=utf8mb4_0900_ai_ci;
/*!40101 SET character_set_client = @saved_cs_client */;

--
-- Dumping data for table `charter`
--

LOCK TABLES `charter` WRITE;
/*!40000 ALTER TABLE `charter` DISABLE KEYS */;
INSERT INTO `charter` VALUES (9422,'2014-09-26 00:00:00',109,'2289L','MOB',885,5.6,0,302.9,0,10011),(9423,'2014-09-28 00:00:00',106,'4278Y','STL',486,2.7,1.3,108,1,10012),(9424,'2014-10-01 00:00:00',105,'2778V','TYS',602,3.4,0,133.8,2,10017),(9425,'2014-10-01 00:00:00',104,'1484P','BNA',363,2,2.4,72.6,0,10011),(9426,'2014-10-02 00:00:00',101,'2289L','GNV',1522,7.8,0,515.2,0,10013),(9427,'2014-10-04 00:00:00',109,'4278Y','MOB',842,4.4,6.1,187.9,1,10010),(9428,'2014-10-04 00:00:00',106,'1484P','MQY',302,1.8,0,60.4,2,10019),(9429,'2014-10-06 00:00:00',105,'2778V','BNA',387,2.2,3.6,86,1,10012),(9430,'2014-10-07 00:00:00',101,'2289L','STL',455,2.3,0,154.4,0,10014),(9431,'2014-10-08 00:00:00',104,'1484P','ATL',958,5.9,0,218.6,0,10011),(9432,'2014-10-09 00:00:00',109,'4278Y','TYS',690,3.8,1.8,155.6,2,10018),(9433,'2014-10-10 00:00:00',106,'2289L','MOB',806,4.1,3.1,272.8,1,10016),(9434,'2014-10-10 00:00:00',101,'2778V','BNA',338,2.5,2.6,155.1,0,10015),(9435,'2014-10-11 00:00:00',105,'1484P','MQY',361,3.1,0,104.2,0,10013),(9436,'2014-10-12 00:00:00',104,'2289L','STL',512,2.6,0,115.8,1,10017),(9437,'2014-10-15 00:00:00',106,'4278Y','GNV',1623,9,4.2,360.7,1,10019),(9438,'2014-10-15 00:00:00',109,'2778V','MOB',824,4.6,0,183.1,1,10010),(9439,'2014-10-17 00:00:00',105,'1484P','STL',479,4.5,0,124,0,10012),(9440,'2014-10-18 00:00:00',104,'2289L','MQY',348,1.8,4.1,117.8,0,10014),(9441,'2014-10-19 00:00:00',106,'4278Y','ATL',1011,6.4,2.8,256.6,2,10011),(9442,'2014-10-20 00:00:00',109,'1484P','MOB',797,5.2,0,169,2,10018),(9443,'2014-10-22 00:00:00',101,'2778V','TYS',695,3.9,1.5,155.8,1,10013),(9444,'2014-10-22 00:00:00',104,'4278Y','ATL',965,5.4,0,214.4,0,10016),(9445,'2014-10-24 00:00:00',105,'2289L','BNA',385,1.9,3.1,130.3,1,10019),(9446,'2014-10-25 00:00:00',106,'1484P','GNV',1682,10.5,8.7,336.4,0,10015),(9447,'2014-10-26 00:00:00',109,'2289L','MOB',874,4.5,0,295.8,1,10017),(9448,'2014-10-29 00:00:00',101,'2778V','STL',524,2.9,0,116.4,0,10010),(9449,'2014-10-29 00:00:00',104,'4278Y','MQY',397,2.3,0,85.2,2,10014),(9450,'2014-10-30 00:00:00',105,'2289L','BNA',315,1.6,6.5,106.6,1,10012),(9451,'2014-10-31 00:00:00',106,'1484P','TYS',658,4.1,0,131.6,2,10011),(9452,'2014-11-02 00:00:00',109,'2778V','MOB',810,4.5,0,180,1,10018),(9453,'2014-11-03 00:00:00',101,'4278Y','ATL',978,5.4,8.2,217.3,0,10016),(9454,'2014-11-03 00:00:00',105,'1484P','STL',505,3.2,4.3,101.8,0,10013),(9455,'2014-11-07 00:00:00',104,'2289L','GNV',1701,8.7,4.1,575.7,1,10017),(9456,'2014-11-07 00:00:00',106,'4278Y','BNA',328,2.3,1.3,92.6,0,10019),(9457,'2014-11-10 00:00:00',109,'2778V','ATL',986,5.8,0,238,1,10015),(9458,'2014-11-14 00:00:00',105,'1484P','TYS',681,4.6,3.6,147.2,1,10010),(9459,'2014-11-14 00:00:00',101,'2289L','BNA',337,1.8,0,130.5,0,10014),(9460,'2014-11-16 00:00:00',104,'2778V','GNV',1635,9.3,0,378.4,1,10011),(9461,'2014-11-19 00:00:00',109,'4278Y','MQY',314,1.7,0,68,1,10012),(9462,'2014-11-23 00:00:00',106,'1484P','STL',517,3.2,0,110.4,2,10016),(9463,'2014-11-23 00:00:00',105,'2778V','ATL',1002,5.6,4.5,223.9,1,10017),(9464,'2014-11-25 00:00:00',104,'2289L','BNA',318,1.7,7.2,112.2,0,10014),(9465,'2014-11-26 00:00:00',101,'1484P','MOB',892,6.1,0,191.5,0,10018),(9466,'2014-11-26 00:00:00',106,'4278Y','GNV',1549,8.4,0,336.7,0,10019),(9467,'2014-11-27 00:00:00',109,'2778V','ATL',1019,5.9,5.7,251.6,1,10011),(9468,'2014-11-29 00:00:00',105,'2289L','STL',462,2.3,3.3,174.8,2,10013),(9469,'2014-11-29 00:00:00',101,'4278Y','BNA',321,2.5,0,100,0,10010),(9470,'2014-12-02 00:00:00',104,'2778V','MOB',893,4.9,4.6,211.4,0,10015),(9471,'2014-12-03 00:00:00',106,'1484P','MQY',384,2.9,0,92.8,1,10012),(9472,'2014-12-05 00:00:00',109,'2289L','GNV',1594,7.9,1.9,521.3,0,10016),(9473,'2014-12-06 00:00:00',101,'2778V','TYS',674,3.7,5.4,162.2,1,10018),(9474,'2014-12-08 00:00:00',105,'4278Y','ATL',925,5.7,0,237.1,2,10014),(9475,'2014-12-13 00:00:00',104,'1484P','STL',541,3.4,0,108.8,0,10017),(9476,'2014-12-13 00:00:00',106,'2778V','TYS',668,4.2,3.8,153,0,10019),(9477,'2014-12-16 00:00:00',101,'4278Y','BNA',367,3.4,8.2,156.6,1,10013),(9478,'2014-12-17 00:00:00',104,'1484P','MOB',814,4.6,0,111.5,0,10017),(9479,'2014-12-17 00:00:00',105,'2289L','ATL',965,4.9,0,220.7,2,10010),(9480,'2014-12-18 00:00:00',101,'2778V','TYS',685,3.6,2.7,156.2,0,10018),(9481,'2014-12-19 00:00:00',109,'2289L','GNV',1646,7.4,2.9,519.3,1,10014),(9482,'2014-12-20 00:00:00',104,'1484P','MQY',337,3.5,0,93.8,1,10012),(9483,'2014-12-24 00:00:00',105,'2778V','MOB',843,5.4,6.4,216,0,10015),(9484,'2014-12-25 00:00:00',101,'4278Y','BNA',365,2.8,0,104.7,0,10010),(9485,'2014-12-27 00:00:00',105,'2289L','STL',511,2.1,4.3,174.1,2,10016),(9486,'2014-12-29 00:00:00',109,'2778V','ATL',1011,5.5,3.6,243.6,1,10011),(9487,'2015-01-01 00:00:00',106,'4278Y','GNV',1624,9.1,0,326.4,0,10019),(9488,'2015-01-02 00:00:00',101,'1484P','MOB',799,5.6,0,195.3,0,10018),(9489,'2015-01-04 00:00:00',104,'2289L','BNA',368,2.3,2.7,105.9,0,10014),(9490,'2015-01-06 00:00:00',105,'2778V','ATL',982,5.6,5.4,241.1,1,10017),(9491,'2015-01-06 00:00:00',106,'1484P','STL',517,3.2,0,114.4,2,10016),(9492,'2015-01-09 00:00:00',109,'4278Y','MQY',314,1.7,0,76.5,1,10012),(9493,'2015-01-09 00:00:00',104,'2778V','ATL',968,5.1,0,251.3,1,10011),(9494,'2015-01-10 00:00:00',101,'2289L','GNV',1592,8.2,0,546.2,0,10014),(9495,'2015-01-12 00:00:00',105,'1484P','TYS',681,4.6,6.3,147.2,1,10010),(9496,'2015-01-13 00:00:00',106,'2778V','ATL',986,5.8,0,238,1,10015),(9497,'2015-01-14 00:00:00',104,'4278Y','BNA',328,2.3,3.1,92.6,0,10019),(9498,'2015-01-18 00:00:00',106,'2289L','GNV',1701,8.7,1.4,575.7,1,10017),(9499,'2015-01-19 00:00:00',105,'1484P','STL',505,3.2,3.4,101.8,0,10013),(9500,'2015-01-19 00:00:00',101,'4278Y','ATL',978,5.4,2.8,217.3,0,10016),(9501,'2015-01-20 00:00:00',109,'2778V','MOB',810,4.5,0,180,1,10018),(9502,'2015-01-22 00:00:00',106,'1484P','TYS',658,4.1,0,131.6,2,10011),(9503,'2015-01-25 00:00:00',105,'2289L','BNA',315,1.6,5.6,106.6,1,10012),(9504,'2015-01-26 00:00:00',104,'4278Y','MQY',397,2.3,0,85.2,2,10014),(9505,'2015-01-27 00:00:00',101,'2778V','STL',524,2.9,0,116.4,0,10010),(9506,'2015-01-28 00:00:00',109,'2289L','MOB',874,4.5,2.2,295.8,1,10017),(9507,'2015-01-30 00:00:00',106,'1484P','GNV',1682,10.5,7.8,336.4,0,10015),(9508,'2015-01-31 00:00:00',104,'4278Y','ATL',965,5.4,0,214.4,0,10016),(9509,'2015-02-02 00:00:00',101,'2778V','TYS',701,3.9,1.5,155.8,1,10013),(9510,'2015-02-03 00:00:00',109,'1484P','MOB',797,5.2,0,169,2,10018),(9511,'2015-02-05 00:00:00',106,'4278Y','ATL',1011,6.4,2.8,256.6,2,10011),(9512,'2015-02-06 00:00:00',104,'2289L','MQY',348,1.8,4.1,117.8,0,10014),(9513,'2015-02-07 00:00:00',105,'1484P','STL',479,3.5,0,124,0,10012),(9514,'2015-02-08 00:00:00',109,'2778V','MOB',824,4.6,0,183.1,1,10010),(9515,'2015-02-11 00:00:00',106,'4278Y','GNV',1623,9,4.2,360.7,1,10019),(9516,'2015-02-12 00:00:00',109,'2289L','STL',512,2.6,0,115.8,1,10017),(9517,'2015-02-12 00:00:00',105,'1484P','MQY',361,3.1,0,104.2,0,10013),(9518,'2015-02-13 00:00:00',101,'2778V','BNA',338,2.5,2.6,155.1,0,10015),(9519,'2015-02-15 00:00:00',106,'2289L','MOB',806,4.1,3.1,272.8,1,10016),(9520,'2015-02-16 00:00:00',109,'4278Y','TYS',687,3.6,1.8,155.6,2,10018),(9521,'2015-02-17 00:00:00',104,'1484P','ATL',958,5.9,0,218.6,0,10011),(9522,'2015-02-18 00:00:00',101,'2289L','STL',455,2.3,0,154.4,0,10014),(9523,'2015-02-19 00:00:00',105,'2778V','BNA',387,2.2,3.6,86,1,10012),(9524,'2015-02-21 00:00:00',106,'1484P','MQY',302,1.8,0,60.4,2,10019),(9525,'2015-02-22 00:00:00',109,'4278Y','MOB',842,4.4,6.1,187.9,1,10010),(9526,'2015-02-23 00:00:00',101,'2289L','GNV',1522,7.8,0,515.2,0,10013),(9527,'2015-02-25 00:00:00',104,'1484P','BNA',363,2,2.4,72.6,0,10011),(9528,'2015-02-27 00:00:00',105,'2778V','TYS',602,3.4,0,133.8,2,10017),(9529,'2015-02-27 00:00:00',106,'4278Y','STL',486,2.7,1.3,108,1,10012),(9530,'2015-03-06 00:00:00',109,'2289L','MOB',895,4.6,0,302.9,0,10011),(9531,'2015-03-06 00:00:00',104,'1484P','MQY',345,2.1,0,69.3,0,10016),(9532,'2015-03-08 00:00:00',105,'2778V','ATL',947,5.9,5.6,386.4,1,10017),(9533,'2015-03-08 00:00:00',106,'4278Y','GNV',1620,7.4,1.6,387.2,0,10012),(9534,'2015-03-09 00:00:00',104,'1484P','TYS',685,4.6,0,243.7,0,10014),(9535,'2015-03-12 00:00:00',105,'2289L','BNA',336,1.6,0,65.3,0,10010),(9536,'2015-03-13 00:00:00',109,'2289L','ATL',936,5.1,2.2,354.1,1,10011),(9537,'2015-03-13 00:00:00',101,'2778V','BNA',320,1.6,0,72.6,0,10016),(9538,'2015-03-16 00:00:00',105,'4278Y','GNV',1574,7.8,0,339.8,2,10014),(9539,'2015-03-17 00:00:00',106,'1484P','STL',472,2.9,4.9,97.2,1,10019),(9540,'2015-03-20 00:00:00',101,'2289L','ATL',1023,5.7,3.5,397.7,2,10011),(9541,'2015-03-21 00:00:00',109,'4278Y','STL',472,2.6,5.2,117.1,0,10017),(9542,'2015-03-22 00:00:00',104,'2778V','GNV',1574,7.9,0,348.4,2,10012),(9543,'2015-03-22 00:00:00',106,'1484P','TYS',644,4.1,0,140.6,1,10014),(9544,'2015-03-26 00:00:00',105,'2289L','GNV',1574,6.6,23.4,459.9,0,10017),(9545,'2015-03-28 00:00:00',109,'4278Y','ATL',998,6.2,3.2,279.7,0,10016),(9546,'2015-03-30 00:00:00',106,'1484P','BNA',352,1.9,5.3,66.4,1,10012),(9547,'2015-03-31 00:00:00',101,'2778V','MOB',884,4.8,4.2,215.1,0,10010),(9548,'2015-04-02 00:00:00',105,'4278Y','TYS',623,3.9,4.5,174.3,1,10011),(9549,'2015-04-05 00:00:00',106,'4278Y','ATL',936,6.1,2.1,302.6,0,10017),(9550,'2015-04-06 00:00:00',104,'2289L','GNV',1645,6.7,0,459.5,2,10016),(9551,'2015-04-07 00:00:00',109,'2778V','MQY',312,1.5,0,67.2,0,10011),(9552,'2015-04-08 00:00:00',101,'1484P','STL',508,3.1,0,105.5,0,10014),(9553,'2015-04-10 00:00:00',105,'4278Y','TYS',644,3.8,4.5,167.4,0,10017),(9554,'2015-04-10 00:00:00',106,'2289L','MOB',872,5.7,4.5,167.4,0,10017),(9555,'2015-04-11 00:00:00',101,'2778V','STL',508,3.1,0,105.5,0,10014),(9556,'2015-04-14 00:00:00',109,'4278Y','MQY',312,1.5,0,67.2,0,10011),(9557,'2015-04-14 00:00:00',104,'2289L','GNV',1645,6.7,0,459.5,2,10016),(9558,'2015-04-18 00:00:00',106,'1484P','ATL',936,6.1,2.1,302.6,0,10017),(9559,'2015-04-19 00:00:00',105,'4278Y','TYS',644,3.9,4.5,174.3,1,10011),(9560,'2015-04-21 00:00:00',101,'2778V','MOB',884,4.8,4.2,215.1,0,10010),(9561,'2015-04-24 00:00:00',104,'1484P','BNA',352,1.9,5.3,66.4,1,10012),(9562,'2015-04-25 00:00:00',109,'4278Y','ATL',998,6.2,3.2,279.7,0,10016),(9563,'2015-04-26 00:00:00',105,'2289L','GNV',1574,6.6,23.4,459.9,0,10017),(9564,'2015-04-28 00:00:00',106,'1484P','TYS',644,4.1,0,140.6,1,10014),(9565,'2015-04-29 00:00:00',104,'2778V','GNV',1574,7.9,0,348.4,2,10012),(9566,'2015-04-30 00:00:00',109,'4278Y','STL',472,2.6,5.2,117.1,0,10017),(9567,'2015-05-03 00:00:00',101,'2289L','ATL',1023,5.7,3.5,397.7,2,10011),(9568,'2015-05-03 00:00:00',106,'1484P','STL',472,2.9,4.9,97.2,1,10019),(9569,'2015-05-04 00:00:00',105,'4278Y','GNV',1574,7.8,0,339.8,2,10014),(9570,'2015-05-05 00:00:00',101,'2778V','BNA',320,1.6,0,72.6,0,10016),(9571,'2015-05-07 00:00:00',106,'2289L','ATL',936,5.1,2.2,354.1,1,10011),(9572,'2015-05-08 00:00:00',104,'2289L','BNA',336,1.6,0,65.3,0,10010),(9573,'2015-05-08 00:00:00',105,'1484P','TYS',685,4.6,0,243.7,0,10014),(9574,'2015-05-09 00:00:00',106,'4278Y','GNV',1620,7.4,1.6,387.2,0,10012),(9575,'2015-05-11 00:00:00',105,'2778V','ATL',947,5.9,5.6,386.4,1,10017),(9576,'2015-05-12 00:00:00',104,'1484P','MQY',345,2.1,0,69.3,0,10016),(9577,'2015-05-13 00:00:00',109,'2289L','MOB',895,4.6,0,302.9,0,10011),(9578,'2015-05-14 00:00:00',106,'4278Y','STL',486,2.7,1.3,108,1,10012),(9579,'2015-05-14 00:00:00',105,'2778V','TYS',602,3.4,0,133.8,2,10017),(9580,'2015-05-15 00:00:00',104,'1484P','BNA',363,2,2.4,72.6,0,10011),(9581,'2015-05-17 00:00:00',101,'2289L','GNV',1522,7.8,0,515.2,0,10013),(9582,'2015-05-18 00:00:00',109,'4278Y','MOB',842,4.4,6.1,187.9,1,10010),(9583,'2015-05-20 00:00:00',106,'1484P','MQY',302,1.8,0,60.4,2,10019),(9584,'2015-05-21 00:00:00',105,'2778V','BNA',387,2.2,3.6,86,1,10012),(9585,'2015-05-21 00:00:00',101,'2289L','STL',455,2.3,0,154.4,0,10014),(9586,'2015-05-22 00:00:00',104,'1484P','ATL',958,5.9,0,218.6,0,10011),(9587,'2015-05-24 00:00:00',109,'4278Y','TYS',687,3.6,1.8,155.6,2,10018),(9588,'2015-05-26 00:00:00',106,'2289L','MOB',806,4.1,3.1,272.8,1,10016),(9589,'2015-05-28 00:00:00',101,'2778V','BNA',338,2.5,2.6,155.1,0,10015),(9590,'2015-05-28 00:00:00',105,'1484P','MQY',361,3.1,0,104.2,0,10013),(9591,'2015-05-31 00:00:00',109,'2289L','STL',512,2.6,0,115.8,1,10017),(9592,'2015-06-01 00:00:00',106,'4278Y','GNV',1623,9,4.2,360.7,1,10019),(9593,'2015-06-02 00:00:00',109,'2778V','MOB',824,4.6,0,183.1,1,10010),(9594,'2015-06-04 00:00:00',105,'1484P','STL',479,3.5,0,124,0,10012),(9595,'2015-06-06 00:00:00',104,'2289L','MQY',348,1.8,4.1,117.8,0,10014),(9596,'2015-06-07 00:00:00',106,'4278Y','ATL',1011,6.4,2.8,256.6,2,10011),(9597,'2015-06-08 00:00:00',109,'1484P','MOB',797,5.2,0,169,2,10018),(9598,'2015-06-08 00:00:00',101,'2778V','TYS',701,3.9,1.5,155.8,1,10013),(9599,'2015-06-09 00:00:00',104,'4278Y','ATL',965,5.4,0,214.4,0,10016),(9600,'2015-06-11 00:00:00',106,'1484P','GNV',1682,10.5,7.8,336.4,0,10015),(9601,'2015-06-12 00:00:00',109,'2289L','MOB',874,4.5,2.2,295.8,1,10017),(9602,'2015-06-12 00:00:00',101,'2778V','STL',524,2.9,0,116.4,0,10010),(9603,'2015-06-13 00:00:00',104,'4278Y','MQY',397,2.3,0,85.2,2,10014),(9604,'2015-06-14 00:00:00',105,'2289L','BNA',315,1.6,5.6,106.6,1,10012),(9605,'2015-06-17 00:00:00',106,'1484P','TYS',658,4.1,0,131.6,2,10011),(9606,'2015-06-17 00:00:00',109,'2778V','MOB',810,4.5,0,180,1,10018),(9607,'2015-06-19 00:00:00',101,'4278Y','ATL',978,5.4,2.8,217.3,0,10016),(9608,'2015-06-19 00:00:00',105,'1484P','STL',505,3.2,3.4,101.8,0,10013),(9609,'2015-06-20 00:00:00',106,'2289L','GNV',1701,8.7,1.4,575.7,1,10017),(9610,'2015-06-21 00:00:00',104,'4278Y','BNA',328,2.3,3.1,92.6,0,10019),(9611,'2015-06-23 00:00:00',106,'2778V','ATL',986,5.8,0,238,1,10015),(9612,'2015-06-24 00:00:00',105,'1484P','TYS',681,4.6,6.3,147.2,1,10010),(9613,'2015-06-25 00:00:00',101,'2289L','STL',593,4.1,0,141.6,0,10014),(9614,'2015-06-25 00:00:00',104,'2778V','GNV',1616,9.3,0,365.7,1,10011),(9615,'2015-06-27 00:00:00',109,'4278Y','MQY',314,1.7,0,76.5,1,10012),(9616,'2015-06-28 00:00:00',106,'1484P','STL',517,3.2,0,114.4,2,10016),(9617,'2015-06-30 00:00:00',105,'2778V','ATL',982,5.6,5.4,241.1,1,10017),(9618,'2015-07-02 00:00:00',104,'2289L','BNA',368,2.3,2.7,105.9,0,10014),(9619,'2015-07-04 00:00:00',101,'1484P','MOB',799,5.6,0,195.3,0,10018),(9620,'2015-07-06 00:00:00',106,'4278Y','GNV',1624,9.1,0,326.4,0,10019),(9621,'2015-07-08 00:00:00',109,'2778V','ATL',1011,5.5,3.6,243.6,1,10011),(9622,'2015-07-10 00:00:00',105,'2289L','STL',511,2.1,4.3,174.1,2,10016),(9623,'2015-07-12 00:00:00',101,'4278Y','BNA',365,2.8,0,104.7,0,10010),(9624,'2015-07-14 00:00:00',105,'2778V','MOB',843,5.4,6.4,216,0,10015),(9625,'2015-07-16 00:00:00',104,'1484P','MQY',337,3.5,0,93.8,1,10012),(9626,'2015-07-18 00:00:00',109,'2289L','GNV',1646,7.4,2.9,519.3,1,10014),(9627,'2015-07-20 00:00:00',101,'2778V','TYS',685,3.6,2.7,156.2,0,10018),(9628,'2015-07-22 00:00:00',105,'2289L','ATL',965,4.9,0,220.7,2,10010),(9629,'2015-07-24 00:00:00',104,'1484P','MOB',814,4.6,0,111.5,0,10017),(9630,'2015-07-25 00:00:00',101,'4278Y','BNA',367,3.4,8.2,156.6,1,10013),(9631,'2015-07-27 00:00:00',106,'2778V','TYS',668,4.2,3.8,153,0,10019),(9632,'2015-07-27 00:00:00',104,'1484P','STL',541,3.4,0,108.8,0,10017),(9633,'2015-07-29 00:00:00',105,'4278Y','ATL',925,5.7,0,237.1,2,10014),(9634,'2015-07-31 00:00:00',101,'2778V','TYS',674,3.7,5.4,162.2,1,10018),(9635,'2015-08-01 00:00:00',109,'2289L','GNV',1594,7.9,1.9,521.3,0,10016),(9636,'2015-08-03 00:00:00',106,'1484P','MQY',384,2.9,0,92.8,1,10012),(9637,'2015-08-05 00:00:00',104,'2778V','MOB',893,4.9,4.6,211.4,0,10015),(9638,'2015-08-07 00:00:00',101,'4278Y','BNA',321,2.5,0,100,0,10010),(9639,'2015-08-09 00:00:00',105,'2289L','STL',462,2.3,3.3,174.8,2,10013),(9640,'2015-08-10 00:00:00',109,'2778V','ATL',1019,5.9,5.7,251.6,1,10011),(9641,'2015-08-12 00:00:00',106,'4278Y','GNV',1549,8.4,0,336.7,0,10019),(9642,'2015-08-13 00:00:00',101,'1484P','MOB',892,6.1,0,191.5,0,10018),(9643,'2015-08-15 00:00:00',104,'2289L','BNA',318,1.7,7.2,112.2,0,10014),(9644,'2015-08-17 00:00:00',105,'2778V','ATL',1002,5.6,4.5,223.9,1,10017),(9645,'2015-08-21 00:00:00',106,'1484P','STL',517,3.2,0,110.4,2,10016),(9646,'2015-08-22 00:00:00',109,'4278Y','MQY',314,1.7,0,68,1,10012),(9647,'2015-08-24 00:00:00',104,'2778V','GNV',1673,9.3,0,378.4,1,10011),(9648,'2015-08-26 00:00:00',101,'2289L','MQY',364,2.4,0,90.4,0,10014),(9649,'2015-08-28 00:00:00',105,'1484P','TYS',681,4.6,3.6,147.2,1,10010),(9650,'2015-08-30 00:00:00',109,'2778V','ATL',986,5.8,0,238,1,10015),(9651,'2015-08-31 00:00:00',106,'4278Y','BNA',328,2.3,1.3,92.6,0,10019),(9652,'2015-09-01 00:00:00',104,'2289L','GNV',1701,8.7,4.1,575.7,1,10017),(9653,'2015-09-03 00:00:00',105,'1484P','STL',505,3.2,4.3,101.8,0,10013),(9654,'2015-09-03 00:00:00',101,'4278Y','ATL',978,5.4,8.2,217.3,0,10016),(9655,'2015-09-04 00:00:00',109,'2778V','MOB',810,4.5,0,180,1,10018),(9656,'2015-09-06 00:00:00',106,'1484P','TYS',658,4.1,0,131.6,2,10011),(9657,'2015-09-06 00:00:00',105,'2289L','BNA',315,1.6,6.5,106.6,1,10012),(9658,'2015-09-08 00:00:00',104,'4278Y','MQY',397,2.3,0,85.2,2,10014),(9659,'2015-09-11 00:00:00',101,'2778V','STL',524,2.9,0,116.4,0,10010),(9660,'2015-09-12 00:00:00',109,'2289L','MOB',874,4.5,0,295.8,1,10017),(9661,'2015-09-13 00:00:00',106,'1484P','GNV',1682,10.5,8.7,336.4,0,10015),(9662,'2015-09-15 00:00:00',105,'2289L','BNA',385,1.9,3.1,130.3,1,10019),(9663,'2015-09-16 00:00:00',104,'4278Y','ATL',965,5.4,0,214.4,0,10016),(9664,'2015-09-19 00:00:00',101,'2778V','TYS',701,3.9,1.5,155.8,1,10013),(9665,'2015-09-21 00:00:00',109,'1484P','MOB',797,5.2,0,169,2,10018),(9666,'2015-09-22 00:00:00',106,'4278Y','ATL',1011,6.4,2.8,256.6,2,10011),(9667,'2015-09-24 00:00:00',104,'2289L','MQY',348,1.8,4.1,117.8,0,10014),(9668,'2015-09-24 00:00:00',105,'1484P','STL',479,3.5,0,124,0,10012),(9669,'2015-09-25 00:00:00',109,'2778V','MOB',824,4.6,0,183.1,1,10010),(9670,'2015-09-28 00:00:00',106,'4278Y','GNV',1623,9,4.2,360.7,1,10019),(9671,'2015-09-30 00:00:00',104,'2289L','STL',512,2.6,0,115.8,1,10017),(9672,'2015-10-02 00:00:00',105,'1484P','MQY',361,3.1,0,104.2,0,10013),(9673,'2015-10-03 00:00:00',101,'2778V','BNA',338,2.5,2.6,155.1,0,10015),(9674,'2015-10-04 00:00:00',106,'2289L','MOB',806,4.1,3.1,272.8,1,10016),(9675,'2015-10-06 00:00:00',109,'4278Y','TYS',687,3.6,1.8,155.6,2,10018),(9676,'2015-10-08 00:00:00',104,'1484P','ATL',958,5.9,0,218.6,0,10011),(9677,'2015-10-10 00:00:00',101,'2289L','STL',455,2.3,0,154.4,0,10014),(9678,'2015-10-11 00:00:00',105,'2778V','BNA',387,2.2,3.6,86,1,10012),(9679,'2015-10-12 00:00:00',106,'1484P','MQY',302,1.8,0,60.4,2,10019),(9680,'2015-10-14 00:00:00',109,'4278Y','MOB',842,4.4,6.1,187.9,1,10010),(9681,'2015-10-16 00:00:00',101,'2289L','GNV',1522,7.8,0,515.2,0,10013),(9682,'2015-10-18 00:00:00',104,'1484P','BNA',363,2,2.4,72.6,0,10011),(9683,'2015-10-20 00:00:00',105,'2778V','TYS',602,3.4,0,133.8,2,10017),(9684,'2015-10-22 00:00:00',106,'4278Y','STL',486,2.7,1.3,108,1,10012),(9685,'2015-10-23 00:00:00',109,'2289L','MOB',895,4.6,0,302.9,0,10011),(9686,'2015-10-23 00:00:00',104,'1484P','MQY',345,2.1,0,69.3,0,10016),(9687,'2015-10-26 00:00:00',105,'2778V','ATL',947,5.9,5.6,386.4,1,10017),(9688,'2015-10-28 00:00:00',106,'4278Y','GNV',1620,7.4,1.6,387.2,0,10012),(9689,'2015-10-29 00:00:00',101,'1484P','TYS',685,4.6,0,243.7,0,10014),(9690,'2015-10-31 00:00:00',105,'2289L','BNA',336,1.6,0,65.3,0,10010),(9691,'2015-11-02 00:00:00',104,'2289L','ATL',936,5.1,2.2,354.1,1,10011),(9692,'2015-11-04 00:00:00',101,'2778V','BNA',320,1.6,0,72.6,0,10016),(9693,'2015-11-05 00:00:00',105,'4278Y','GNV',1574,7.8,0,339.8,2,10014),(9694,'2015-11-05 00:00:00',106,'1484P','STL',472,2.9,4.9,97.2,1,10019),(9695,'2015-11-08 00:00:00',101,'2289L','ATL',1023,5.7,3.5,397.7,2,10011),(9696,'2015-11-09 00:00:00',109,'4278Y','STL',472,2.6,5.2,117.1,0,10017),(9697,'2015-11-09 00:00:00',104,'2778V','GNV',1574,7.9,0,348.4,2,10012),(9698,'2015-11-10 00:00:00',106,'1484P','TYS',644,4.1,0,140.6,1,10014),(9699,'2015-11-10 00:00:00',105,'2289L','GNV',1574,6.6,23.4,459.9,0,10017),(9700,'2015-11-12 00:00:00',109,'4278Y','ATL',998,6.2,3.2,279.7,0,10016),(9701,'2015-11-14 00:00:00',101,'1484P','BNA',352,1.9,5.3,66.4,1,10012),(9702,'2015-11-15 00:00:00',106,'2778V','MOB',884,4.8,4.2,215.1,0,10010),(9703,'2015-11-16 00:00:00',105,'1484P','TYS',644,3.9,4.5,174.3,1,10011),(9704,'2015-11-18 00:00:00',104,'4278Y','ATL',936,6.1,2.1,302.6,0,10017),(9705,'2015-11-19 00:00:00',109,'2289L','GNV',1645,6.7,0,459.5,2,10016),(9706,'2015-11-21 00:00:00',105,'2778V','MQY',312,1.5,0,67.2,0,10011),(9707,'2015-11-22 00:00:00',101,'1484P','STL',508,3.1,1.8,105.5,0,10014),(9708,'2015-11-23 00:00:00',106,'2289L','TYS',658,3.3,0,162.3,0,10017),(9709,'2015-11-24 00:00:00',105,'4278Y','TYS',644,3.8,4.5,167.4,0,10013),(9710,'2015-11-25 00:00:00',101,'1484P','STL',508,3.1,0,105.5,0,10014),(9711,'2015-11-26 00:00:00',109,'2778V','MQY',312,1.5,0,67.2,0,10011),(9712,'2015-11-27 00:00:00',104,'2289L','GNV',1645,6.7,3.7,459.5,2,10016),(9713,'2015-11-28 00:00:00',106,'4278Y','ATL',936,6.1,2.1,302.6,0,10017),(9714,'2015-11-29 00:00:00',105,'4278Y','TYS',644,3.9,4.5,174.3,1,10011),(9715,'2015-11-29 00:00:00',101,'2778V','MOB',884,4.8,4.2,215.1,0,10010),(9716,'2015-11-30 00:00:00',101,'1484P','BNA',352,1.9,5.3,66.4,1,10012),(9717,'2015-12-02 00:00:00',109,'4278Y','ATL',998,6.2,3.2,279.7,0,10016),(9718,'2015-12-02 00:00:00',105,'2289L','GNV',1574,6.6,23.4,459.9,0,10017),(9719,'2015-12-03 00:00:00',106,'1484P','TYS',644,4.1,0,140.6,1,10014),(9720,'2015-12-05 00:00:00',104,'2778V','GNV',1574,7.9,0,348.4,2,10012),(9721,'2015-12-08 00:00:00',109,'4278Y','STL',472,2.6,5.2,117.1,0,10017),(9722,'2015-12-12 00:00:00',101,'2289L','ATL',1023,5.7,3.5,397.7,2,10011),(9723,'2015-12-13 00:00:00',106,'1484P','STL',472,2.9,4.9,97.2,1,10019),(9724,'2015-12-14 00:00:00',105,'4278Y','GNV',1574,7.8,0,339.8,2,10014),(9725,'2015-12-15 00:00:00',101,'2778V','BNA',320,1.6,0,72.6,0,10016),(9726,'2015-12-16 00:00:00',109,'2289L','ATL',936,5.1,2.2,354.1,1,10011),(9727,'2015-12-16 00:00:00',105,'2289L','BNA',336,1.6,0,65.3,0,10010),(9728,'2015-12-17 00:00:00',104,'1484P','TYS',685,4.6,0,243.7,0,10014),(9729,'2015-12-19 00:00:00',106,'4278Y','GNV',1620,7.4,1.6,387.2,0,10012),(9730,'2015-12-20 00:00:00',105,'2778V','ATL',947,5.9,5.6,386.4,1,10017),(9731,'2015-12-21 00:00:00',104,'1484P','MQY',345,2.1,0,69.3,0,10016),(9732,'2015-12-23 00:00:00',109,'2289L','MOB',895,4.6,0,302.9,0,10011),(9733,'2015-12-23 00:00:00',106,'4278Y','STL',486,2.7,1.3,108,1,10012),(9734,'2015-12-24 00:00:00',105,'2778V','TYS',602,3.4,0,133.8,2,10017),(9735,'2015-12-26 00:00:00',104,'1484P','BNA',363,2,2.4,72.6,0,10011),(9736,'2015-12-28 00:00:00',101,'2289L','GNV',1522,7.8,0,515.2,0,10013),(9737,'2015-12-28 00:00:00',109,'4278Y','MOB',842,4.4,6.1,187.9,1,10010),(9738,'2015-12-29 00:00:00',106,'1484P','MQY',302,1.8,0,60.4,2,10019),(9739,'2015-12-29 00:00:00',105,'2778V','BNA',387,2.2,3.6,86,1,10012),(9740,'2015-12-31 00:00:00',101,'2289L','STL',455,2.3,0,154.4,0,10014),(9741,'2016-01-01 00:00:00',104,'1484P','ATL',958,5.9,0,218.6,0,10011),(9742,'2016-01-02 00:00:00',109,'4278Y','TYS',687,3.6,1.8,155.6,2,10018),(9743,'2016-01-04 00:00:00',106,'2289L','MOB',806,4.1,3.1,272.8,1,10016),(9744,'2016-01-05 00:00:00',101,'2778V','BNA',338,2.5,2.6,155.1,0,10015),(9745,'2016-01-06 00:00:00',105,'1484P','MQY',361,3.1,0,104.2,0,10013),(9746,'2016-01-06 00:00:00',104,'2289L','STL',512,2.6,0,115.8,1,10017),(9747,'2016-01-07 00:00:00',106,'4278Y','GNV',1623,9,4.2,360.7,1,10019),(9748,'2016-01-09 00:00:00',109,'2778V','MOB',824,4.6,0,183.1,1,10010),(9749,'2016-01-10 00:00:00',105,'1484P','STL',479,3.5,0,124,0,10012),(9750,'2016-01-12 00:00:00',104,'2289L','MQY',348,1.8,4.1,117.8,0,10014),(9751,'2016-01-13 00:00:00',106,'4278Y','ATL',1011,6.4,2.8,256.6,2,10011),(9752,'2016-01-14 00:00:00',109,'1484P','MOB',797,5.2,0,169,2,10018),(9753,'2016-01-14 00:00:00',101,'2778V','TYS',701,3.9,1.5,155.8,1,10013),(9754,'2016-01-16 00:00:00',104,'4278Y','ATL',965,5.4,0,214.4,0,10016),(9755,'2016-01-18 00:00:00',105,'2289L','BNA',385,1.9,3.1,130.3,1,10019),(9756,'2016-01-19 00:00:00',106,'1484P','GNV',1682,10.5,8.7,336.4,0,10015),(9757,'2016-01-20 00:00:00',109,'2289L','MOB',874,4.5,0,295.8,1,10017),(9758,'2016-01-20 00:00:00',101,'2778V','STL',524,2.9,0,116.4,0,10010),(9759,'2016-01-22 00:00:00',104,'4278Y','MQY',397,2.3,0,85.2,2,10014),(9760,'2016-01-25 00:00:00',105,'2289L','BNA',315,1.6,6.5,106.6,1,10012),(9761,'2016-01-26 00:00:00',106,'1484P','TYS',658,4.1,0,131.6,2,10011),(9762,'2016-01-28 00:00:00',109,'2778V','MOB',810,4.5,0,180,1,10018),(9763,'2016-02-01 00:00:00',101,'4278Y','ATL',978,5.4,8.2,217.3,0,10016),(9764,'2016-02-03 00:00:00',105,'1484P','STL',505,3.2,4.3,101.8,0,10013),(9765,'2016-02-03 00:00:00',104,'2289L','GNV',1701,8.7,4.1,575.7,1,10017),(9766,'2016-02-04 00:00:00',106,'4278Y','BNA',328,2.3,1.3,92.6,0,10019),(9767,'2016-02-06 00:00:00',109,'2778V','ATL',986,5.8,0,238,1,10015),(9768,'2016-02-07 00:00:00',105,'1484P','TYS',681,4.6,3.6,147.2,1,10010),(9769,'2016-02-08 00:00:00',101,'2289L','GNV',1598,8.2,0,546.2,0,10014),(9770,'2016-02-09 00:00:00',104,'2778V','GNV',1669,9.3,0,378.4,1,10011),(9771,'2016-02-11 00:00:00',109,'4278Y','MQY',314,1.7,0,68,1,10012),(9772,'2016-02-12 00:00:00',106,'1484P','STL',517,3.2,0,110.4,2,10016),(9773,'2016-02-12 00:00:00',105,'2778V','ATL',1002,5.6,4.5,223.9,1,10017),(9774,'2016-02-15 00:00:00',104,'2289L','BNA',318,1.7,7.2,112.2,0,10014),(9775,'2016-02-15 00:00:00',101,'1484P','MOB',892,6.1,0,191.5,0,10018),(9776,'2016-02-16 00:00:00',106,'4278Y','GNV',1549,8.4,0,336.7,0,10019),(9777,'2016-02-18 00:00:00',109,'2778V','ATL',1019,5.9,5.7,251.6,1,10011),(9778,'2016-02-19 00:00:00',105,'2289L','STL',462,2.3,3.3,174.8,2,10013),(9779,'2016-02-20 00:00:00',101,'4278Y','BNA',321,2.5,0,100,0,10010),(9780,'2016-02-22 00:00:00',104,'2778V','MOB',893,4.9,4.6,211.4,0,10015),(9781,'2016-02-23 00:00:00',106,'1484P','MQY',384,2.9,0,92.8,1,10012),(9782,'2016-02-24 00:00:00',109,'2289L','GNV',1594,7.9,1.9,521.3,0,10016),(9783,'2016-02-26 00:00:00',101,'2778V','TYS',674,3.7,5.4,162.2,1,10018),(9784,'2016-02-25 00:00:00',105,'4278Y','ATL',925,5.7,0,237.1,2,10014),(9785,'2016-02-28 00:00:00',104,'1484P','STL',541,3.4,0,108.8,0,10017),(9786,'2016-02-29 00:00:00',106,'2778V','TYS',668,4.2,3.8,153,0,10019),(9787,'2016-03-02 00:00:00',101,'4278Y','BNA',367,3.4,8.2,156.6,1,10013),(9788,'2016-03-04 00:00:00',104,'1484P','MOB',814,4.6,0,111.5,0,10017),(9789,'2016-03-06 00:00:00',105,'2289L','ATL',965,4.9,0,220.7,2,10010),(9790,'2016-03-08 00:00:00',101,'2778V','TYS',685,3.6,2.7,156.2,0,10018),(9791,'2016-03-10 00:00:00',109,'2289L','GNV',1646,7.4,2.9,519.3,1,10014),(9792,'2016-03-12 00:00:00',104,'1484P','MQY',337,3.5,0,93.8,1,10012),(9793,'2016-03-14 00:00:00',105,'2778V','MOB',843,5.4,6.4,216,0,10015),(9794,'2016-03-16 00:00:00',101,'4278Y','BNA',365,2.8,0,104.7,0,10010),(9795,'2016-03-18 00:00:00',105,'2289L','STL',511,2.1,4.3,174.1,2,10016),(9796,'2016-03-20 00:00:00',109,'2778V','ATL',1011,5.5,3.6,243.6,1,10011),(9797,'2016-03-21 00:00:00',106,'4278Y','GNV',1624,9.1,0,326.4,0,10019),(9798,'2016-03-22 00:00:00',101,'1484P','MOB',799,5.6,0,195.3,0,10018),(9799,'2016-03-25 00:00:00',104,'2289L','BNA',368,2.3,2.7,105.9,0,10014),(9800,'2016-03-26 00:00:00',105,'2778V','ATL',982,5.6,5.4,241.1,1,10017),(9801,'2016-03-29 00:00:00',106,'1484P','STL',517,3.2,0,114.4,2,10016),(9802,'2016-03-31 00:00:00',109,'4278Y','MQY',314,1.7,0,76.5,1,10012),(9803,'2016-04-01 00:00:00',104,'2778V','GNV',1611,9.3,0,365.7,1,10011),(9804,'2016-04-03 00:00:00',101,'2289L','GNV',1584,8.2,0,546.2,0,10014),(9805,'2016-04-04 00:00:00',105,'1484P','TYS',681,4.6,6.3,147.2,1,10010),(9806,'2016-04-05 00:00:00',106,'2778V','ATL',986,5.8,0,238,1,10015),(9807,'2016-04-05 00:00:00',104,'4278Y','BNA',328,2.3,3.1,92.6,0,10019),(9808,'2016-04-06 00:00:00',106,'2289L','GNV',1701,8.7,1.4,575.7,1,10017),(9809,'2016-04-07 00:00:00',105,'1484P','STL',505,3.2,3.4,101.8,0,10013),(9810,'2016-04-09 00:00:00',101,'4278Y','ATL',978,5.4,2.8,217.3,0,10016),(9811,'2016-04-10 00:00:00',109,'2778V','MOB',810,4.5,0,180,1,10018),(9812,'2016-04-12 00:00:00',106,'1484P','TYS',658,4.1,0,131.6,2,10011),(9813,'2016-04-13 00:00:00',105,'2289L','BNA',315,1.6,5.6,106.6,1,10012),(9814,'2016-04-15 00:00:00',104,'4278Y','MQY',397,2.3,0,85.2,2,10014),(9815,'2016-04-17 00:00:00',101,'2778V','STL',524,2.9,0,116.4,0,10010),(9816,'2016-04-18 00:00:00',109,'2289L','MOB',874,4.5,2.2,295.8,1,10017),(9817,'2016-04-19 00:00:00',106,'1484P','GNV',1682,10.5,7.8,336.4,0,10015),(9818,'2016-04-21 00:00:00',104,'4278Y','ATL',965,5.4,0,214.4,0,10016),(9819,'2016-04-22 00:00:00',101,'2778V','TYS',701,3.9,1.5,155.8,1,10013),(9820,'2016-04-24 00:00:00',109,'1484P','MOB',797,5.2,0,169,2,10018),(9821,'2016-04-25 00:00:00',106,'4278Y','ATL',1011,6.4,2.8,256.6,2,10011),(9822,'2016-04-26 00:00:00',104,'2289L','MQY',348,1.8,4.1,117.8,0,10014),(9823,'2016-04-28 00:00:00',105,'1484P','STL',479,3.5,0,124,0,10012),(9824,'2016-04-29 00:00:00',109,'2778V','MOB',824,4.6,0,183.1,1,10010),(9825,'2016-05-01 00:00:00',106,'4278Y','GNV',1623,9,4.2,360.7,1,10019),(9826,'2016-05-02 00:00:00',109,'2289L','STL',512,2.6,0,115.8,1,10017),(9827,'2016-05-03 00:00:00',105,'1484P','MQY',361,3.1,0,104.2,0,10013),(9828,'2016-05-04 00:00:00',101,'2778V','BNA',338,2.5,2.6,155.1,0,10015),(9829,'2016-05-05 00:00:00',106,'2289L','MOB',806,4.1,3.1,272.8,1,10016),(9830,'2016-05-06 00:00:00',109,'4278Y','TYS',687,3.6,1.8,155.6,2,10018),(9831,'2016-05-08 00:00:00',104,'1484P','ATL',958,5.9,0,218.6,0,10011),(9832,'2016-05-09 00:00:00',101,'2289L','STL',455,2.3,0,154.4,0,10014),(9833,'2016-05-11 00:00:00',105,'2778V','BNA',387,2.2,3.6,86,1,10012),(9834,'2016-05-12 00:00:00',106,'1484P','MQY',302,1.8,0,60.4,2,10019),(9835,'2016-05-14 00:00:00',109,'4278Y','MOB',842,4.4,6.1,187.9,1,10010),(9836,'2016-05-15 00:00:00',101,'2289L','GNV',1522,7.8,0,515.2,0,10013),(9837,'2016-05-16 00:00:00',104,'1484P','BNA',363,2,2.4,72.6,0,10011),(9838,'2016-05-17 00:00:00',105,'2778V','TYS',602,3.4,0,133.8,2,10017),(9839,'2016-05-17 00:00:00',106,'4278Y','STL',486,2.7,1.3,108,1,10012),(9840,'2016-05-19 00:00:00',109,'2289L','MOB',895,4.6,0,302.9,0,10011),(9841,'2016-05-20 00:00:00',104,'1484P','MQY',345,2.1,0,69.3,0,10016),(9842,'2016-05-22 00:00:00',105,'2778V','ATL',947,5.9,5.6,386.4,1,10017),(9843,'2016-05-24 00:00:00',106,'4278Y','GNV',1620,7.4,1.6,387.2,0,10012),(9844,'2016-05-24 00:00:00',105,'1484P','TYS',685,4.6,0,243.7,0,10014),(9845,'2016-05-28 00:00:00',104,'2289L','BNA',336,1.6,0,65.3,0,10010),(9846,'2016-05-29 00:00:00',106,'2289L','ATL',936,5.1,2.2,354.1,1,10011),(9847,'2016-05-30 00:00:00',101,'2778V','BNA',320,1.6,0,72.6,0,10016),(9848,'2016-06-01 00:00:00',105,'4278Y','GNV',1574,7.8,0,339.8,2,10014),(9849,'2016-06-03 00:00:00',106,'1484P','STL',472,2.9,4.9,97.2,1,10019),(9850,'2016-06-04 00:00:00',101,'2289L','ATL',1023,5.7,3.5,397.7,2,10011),(9851,'2016-06-06 00:00:00',109,'4278Y','STL',472,2.6,5.2,117.1,0,10017),(9852,'2016-06-08 00:00:00',104,'2778V','GNV',1574,7.9,0,348.4,2,10012),(9853,'2016-06-09 00:00:00',106,'1484P','TYS',644,4.1,0,140.6,1,10014),(9854,'2016-06-10 00:00:00',105,'2289L','GNV',1574,6.6,23.4,459.9,0,10017),(9855,'2016-06-10 00:00:00',109,'4278Y','ATL',998,6.2,3.2,279.7,0,10016),(9856,'2016-06-12 00:00:00',101,'1484P','BNA',352,1.9,5.3,66.4,1,10012),(9857,'2016-06-14 00:00:00',104,'2778V','MOB',884,4.8,4.2,215.1,0,10010),(9858,'2016-06-17 00:00:00',105,'4278Y','TYS',644,3.9,4.5,174.3,1,10011),(9859,'2016-06-18 00:00:00',106,'1484P','ATL',936,6.1,2.1,302.6,0,10017),(9860,'2016-06-19 00:00:00',105,'2289L','GNV',1645,6.7,0,459.5,2,10016),(9861,'2016-06-21 00:00:00',109,'4278Y','MQY',312,1.5,0,67.2,0,10011),(9862,'2016-06-22 00:00:00',101,'2778V','STL',508,3.1,0,105.5,0,10014),(9863,'2016-06-24 00:00:00',106,'2289L','MOB',872,5.7,4.5,167.4,0,10017),(9864,'2016-06-25 00:00:00',105,'4278Y','TYS',644,3.8,4.5,167.4,0,10017),(9865,'2016-06-26 00:00:00',101,'1484P','STL',508,3.1,0,105.5,0,10014),(9866,'2016-06-29 00:00:00',109,'2778V','MQY',312,1.5,0,67.2,0,10011),(9867,'2016-06-29 00:00:00',104,'2289L','GNV',1645,6.7,0,459.5,2,10016),(9868,'2016-07-02 00:00:00',106,'4278Y','ATL',936,6.1,2.1,302.6,0,10017),(9869,'2016-07-03 00:00:00',105,'4278Y','TYS',623,3.9,4.5,174.3,1,10011),(9870,'2016-07-03 00:00:00',101,'2778V','MOB',884,4.8,4.2,215.1,0,10010),(9871,'2016-07-06 00:00:00',106,'1484P','BNA',352,1.9,5.3,66.4,1,10012),(9872,'2016-07-09 00:00:00',109,'4278Y','ATL',998,6.2,3.2,279.7,0,10016),(9873,'2016-07-10 00:00:00',105,'2289L','GNV',1574,6.6,23.4,459.9,0,10017),(9874,'2016-07-11 00:00:00',106,'1484P','TYS',644,4.1,0,140.6,1,10014),(9875,'2016-07-12 00:00:00',104,'2778V','GNV',1574,7.9,0,348.4,2,10012),(9876,'2016-07-14 00:00:00',109,'4278Y','STL',472,2.6,5.2,117.1,0,10017),(9877,'2016-07-15 00:00:00',101,'2289L','ATL',1023,5.7,3.5,397.7,2,10011),(9878,'2016-07-16 00:00:00',106,'1484P','STL',472,2.9,4.9,97.2,1,10019),(9879,'2016-07-17 00:00:00',105,'4278Y','GNV',1574,7.8,0,339.8,2,10014),(9880,'2016-07-17 00:00:00',101,'2778V','BNA',320,1.6,0,72.6,0,10016),(9881,'2016-07-19 00:00:00',104,'2289L','ATL',936,5.1,2.2,354.1,1,10011),(9882,'2016-07-20 00:00:00',105,'2289L','BNA',336,1.6,0,65.3,0,10010),(9883,'2016-07-21 00:00:00',104,'1484P','TYS',685,4.6,0,243.7,0,10014),(9884,'2016-07-23 00:00:00',106,'4278Y','GNV',1620,7.4,1.6,387.2,0,10012),(9885,'2016-07-24 00:00:00',105,'2778V','ATL',947,5.9,5.6,386.4,1,10017),(9886,'2016-07-24 00:00:00',104,'1484P','MQY',345,2.1,0,69.3,0,10016),(9887,'2016-07-25 00:00:00',109,'2289L','MOB',895,4.6,0,302.9,0,10011),(9888,'2016-07-26 00:00:00',106,'4278Y','STL',486,2.7,1.3,108,1,10012),(9889,'2016-07-27 00:00:00',105,'2778V','TYS',602,3.4,0,133.8,2,10017),(9890,'2016-07-28 00:00:00',104,'1484P','BNA',363,2,2.4,72.6,0,10011),(9891,'2016-07-29 00:00:00',101,'2289L','GNV',1522,7.8,0,515.2,0,10013),(9892,'2016-07-29 00:00:00',109,'4278Y','MOB',842,4.4,6.1,187.9,1,10010),(9893,'2016-07-31 00:00:00',106,'1484P','MQY',302,1.8,0,60.4,2,10019),(9894,'2016-08-02 00:00:00',105,'2778V','BNA',387,2.2,3.6,86,1,10012),(9895,'2016-08-03 00:00:00',101,'2289L','STL',455,2.3,0,154.4,0,10014),(9896,'2016-08-04 00:00:00',104,'1484P','ATL',958,5.9,0,218.6,0,10011),(9897,'2016-08-08 00:00:00',109,'4278Y','TYS',687,3.6,1.8,155.6,2,10018),(9898,'2016-08-09 00:00:00',106,'2289L','MOB',806,4.1,3.1,272.8,1,10016),(9899,'2016-08-12 00:00:00',101,'2778V','BNA',338,2.5,2.6,155.1,0,10015),(9900,'2016-08-17 00:00:00',105,'1484P','MQY',361,3.1,0,104.2,0,10013),(9901,'2016-08-19 00:00:00',109,'2289L','STL',512,2.6,0,115.8,1,10017),(9902,'2016-08-23 00:00:00',106,'4278Y','GNV',1623,9,4.2,360.7,1,10019),(9903,'2016-08-25 00:00:00',109,'2778V','MOB',824,4.6,0,183.1,1,10010),(9904,'2016-08-26 00:00:00',105,'1484P','STL',479,3.5,0,124,0,10012),(9905,'2016-08-29 00:00:00',104,'2289L','MQY',348,1.8,4.1,117.8,0,10014),(9906,'2016-08-29 00:00:00',106,'4278Y','ATL',1011,6.4,2.8,256.6,2,10011),(9907,'2016-09-01 00:00:00',109,'1484P','MOB',797,5.2,0,169,2,10018),(9908,'2016-09-02 00:00:00',101,'2778V','TYS',701,3.9,1.5,155.8,1,10013),(9909,'2016-09-02 00:00:00',104,'4278Y','ATL',965,5.4,0,214.4,0,10016),(9910,'2016-09-07 00:00:00',106,'1484P','GNV',1682,10.5,7.8,336.4,0,10015),(9911,'2016-09-07 00:00:00',109,'2289L','MOB',874,4.5,2.2,295.8,1,10017),(9912,'2016-09-08 00:00:00',101,'2778V','STL',524,2.9,0,116.4,0,10010),(9913,'2016-09-09 00:00:00',104,'4278Y','MQY',397,2.3,0,85.2,2,10014),(9914,'2016-09-10 00:00:00',105,'2289L','BNA',315,1.6,5.6,106.6,1,10012),(9915,'2016-09-13 00:00:00',106,'1484P','TYS',658,4.1,0,131.6,2,10011),(9916,'2016-09-13 00:00:00',109,'2778V','MOB',810,4.5,0,180,1,10018),(9917,'2016-09-16 00:00:00',101,'4278Y','ATL',978,5.4,2.8,217.3,0,10016),(9918,'2016-09-17 00:00:00',105,'1484P','STL',505,3.2,3.4,101.8,0,10013),(9919,'2016-09-20 00:00:00',106,'2289L','GNV',1701,8.7,1.4,575.7,1,10017),(9920,'2016-09-20 00:00:00',104,'4278Y','BNA',328,2.3,3.1,92.6,0,10019),(9921,'2016-09-24 00:00:00',106,'2778V','ATL',986,5.8,0,238,1,10015),(9922,'2016-09-24 00:00:00',105,'1484P','TYS',681,4.6,6.3,147.2,1,10010),(9923,'2016-09-28 00:00:00',101,'2289L','MOB',801,4.2,0,293.1,0,10014),(9924,'2016-09-30 00:00:00',104,'2778V','GNV',1673,9.3,0,365.7,1,10011),(9925,'2016-09-30 00:00:00',109,'4278Y','MQY',314,1.7,0,76.5,1,10012),(9926,'2016-10-01 00:00:00',106,'1484P','STL',517,3.2,0,114.4,2,10016),(9927,'2016-10-03 00:00:00',105,'2778V','ATL',982,5.6,5.4,241.1,1,10017),(9928,'2016-10-03 00:00:00',104,'2289L','BNA',368,2.3,2.7,105.9,0,10014),(9929,'2016-10-04 00:00:00',101,'1484P','MOB',799,5.6,0,195.3,0,10018),(9930,'2016-10-04 00:00:00',106,'4278Y','GNV',1624,9.1,0,326.4,0,10019),(9931,'2016-10-10 00:00:00',109,'2778V','ATL',1011,5.5,3.6,243.6,1,10011),(9932,'2016-10-11 00:00:00',105,'2289L','STL',511,2.1,4.3,174.1,2,10016),(9933,'2016-10-11 00:00:00',101,'4278Y','BNA',365,2.8,0,104.7,0,10010),(9934,'2016-10-14 00:00:00',105,'2778V','MOB',843,5.4,6.4,216,0,10015),(9935,'2016-10-17 00:00:00',104,'1484P','MQY',337,3.5,0,93.8,1,10012),(9936,'2016-10-17 00:00:00',109,'2289L','GNV',1646,7.4,2.9,519.3,1,10014),(9937,'2016-10-20 00:00:00',101,'2778V','TYS',685,3.6,2.7,156.2,0,10018),(9938,'2016-10-21 00:00:00',105,'2289L','ATL',965,4.9,0,220.7,2,10010),(9939,'2016-10-22 00:00:00',104,'1484P','MOB',814,4.6,0,111.5,0,10017),(9940,'2016-10-23 00:00:00',101,'4278Y','BNA',367,3.4,8.2,156.6,1,10013),(9941,'2016-10-26 00:00:00',106,'2778V','TYS',668,4.2,3.8,153,0,10019),(9942,'2016-10-26 00:00:00',104,'1484P','STL',541,3.4,0,108.8,0,10017),(9943,'2016-10-29 00:00:00',105,'4278Y','ATL',925,5.7,0,237.1,2,10014),(9944,'2016-10-31 00:00:00',101,'2778V','TYS',674,3.7,5.4,162.2,1,10018),(9945,'2016-10-31 00:00:00',109,'2289L','GNV',1594,7.9,1.9,521.3,0,10016),(9946,'2016-11-01 00:00:00',106,'1484P','MQY',384,2.9,0,92.8,1,10012),(9947,'2016-11-02 00:00:00',104,'2778V','MOB',893,4.9,4.6,211.4,0,10015),(9948,'2016-11-02 00:00:00',101,'4278Y','BNA',321,2.5,0,100,0,10010),(9949,'2016-11-06 00:00:00',105,'2289L','STL',462,2.3,3.3,174.8,2,10013),(9950,'2016-11-08 00:00:00',109,'2778V','ATL',1019,5.9,5.7,251.6,1,10011),(9951,'2016-11-09 00:00:00',106,'4278Y','GNV',1549,8.4,0,336.7,0,10019),(9952,'2016-11-11 00:00:00',101,'1484P','MOB',892,6.1,0,191.5,0,10018),(9953,'2016-11-12 00:00:00',104,'2289L','BNA',318,1.7,7.2,112.2,0,10014),(9954,'2016-11-14 00:00:00',105,'2778V','ATL',1002,5.6,4.5,223.9,1,10017),(9955,'2016-11-15 00:00:00',106,'1484P','STL',517,3.2,0,110.4,2,10016),(9956,'2016-11-17 00:00:00',109,'4278Y','MQY',314,1.7,0,68,1,10012),(9957,'2016-11-19 00:00:00',104,'2778V','GNV',1673,9.3,0,378.4,1,10011),(9958,'2016-11-19 00:00:00',101,'2289L','BNA',340,2.7,0,122.9,0,10014),(9959,'2016-11-21 00:00:00',105,'1484P','TYS',681,4.6,3.6,147.2,1,10010),(9960,'2016-11-22 00:00:00',109,'2778V','ATL',986,5.8,0,238,1,10015),(9961,'2016-11-23 00:00:00',106,'4278Y','BNA',328,2.3,1.3,92.6,0,10019),(9962,'2016-11-25 00:00:00',104,'2289L','GNV',1701,8.7,4.1,575.7,1,10017),(9963,'2016-11-28 00:00:00',105,'1484P','STL',505,3.2,4.3,101.8,0,10013),(9964,'2016-11-28 00:00:00',101,'4278Y','ATL',978,5.4,8.2,217.3,0,10016),(9965,'2016-12-02 00:00:00',109,'2778V','MOB',810,4.5,0,180,1,10018),(9966,'2016-12-04 00:00:00',106,'1484P','TYS',658,4.1,0,131.6,2,10011),(9967,'2016-12-05 00:00:00',105,'2289L','BNA',315,1.6,6.5,106.6,1,10012),(9968,'2016-12-05 00:00:00',104,'4278Y','MQY',397,2.3,0,85.2,2,10014),(9969,'2016-12-07 00:00:00',101,'2778V','STL',524,2.9,0,116.4,0,10010),(9970,'2016-12-08 00:00:00',109,'2289L','MOB',874,4.5,0,295.8,1,10017),(9971,'2016-12-10 00:00:00',106,'1484P','GNV',1682,10.5,8.7,336.4,0,10015),(9972,'2016-12-11 00:00:00',105,'2289L','BNA',385,1.9,3.1,130.3,1,10019),(9973,'2016-12-13 00:00:00',104,'4278Y','ATL',965,5.4,0,214.4,0,10016),(9974,'2016-12-15 00:00:00',101,'2778V','TYS',701,3.9,1.5,155.8,1,10013),(9975,'2016-12-17 00:00:00',109,'1484P','MOB',797,5.2,0,169,2,10018),(9976,'2016-12-21 00:00:00',106,'4278Y','ATL',1011,6.4,2.8,256.6,2,10011),(9977,'2016-12-22 00:00:00',104,'2289L','MQY',348,1.8,4.1,117.8,0,10014),(9978,'2016-12-22 00:00:00',105,'1484P','STL',479,3.5,0,124,0,10012),(9979,'2016-12-24 00:00:00',109,'2778V','MOB',824,4.6,0,183.1,1,10010),(9980,'2016-12-25 00:00:00',106,'4278Y','GNV',1623,9,4.2,360.7,1,10019),(9981,'2016-12-26 00:00:00',104,'2289L','STL',512,2.6,0,115.8,1,10017),(9982,'2016-12-27 00:00:00',105,'1484P','MQY',361,3.1,0,104.2,0,10013),(9983,'2016-12-29 00:00:00',101,'2778V','BNA',338,2.5,2.6,155.1,0,10015),(9984,'2016-12-30 00:00:00',106,'2289L','MOB',806,4.1,3.1,272.8,1,10016),(9985,'2016-12-30 00:00:00',109,'4278Y','TYS',687,3.6,1.8,155.6,2,10018),(9986,'2016-12-30 00:00:00',104,'1484P','ATL',958,5.9,0,218.6,0,10011),(9987,'2017-01-01 00:00:00',101,'2289L','STL',455,2.3,0,154.4,0,10014),(9988,'2017-01-02 00:00:00',105,'2778V','BNA',387,2.2,3.6,86,1,10012),(9989,'2017-01-02 00:00:00',106,'1484P','MQY',302,1.8,0,60.4,2,10019),(9990,'2017-01-03 00:00:00',109,'4278Y','MOB',842,4.4,6.1,187.9,1,10010),(9991,'2017-01-03 00:00:00',101,'2289L','GNV',1522,7.8,0,515.2,0,10013),(9992,'2017-01-05 00:00:00',104,'1484P','BNA',363,2,2.4,72.6,0,10011),(9993,'2017-01-06 00:00:00',105,'2778V','TYS',602,3.4,0,133.8,2,10017),(9994,'2017-01-07 00:00:00',106,'4278Y','STL',486,2.7,1.3,108,1,10012),(9995,'2017-01-07 00:00:00',109,'2289L','MOB',895,4.6,0,302.9,0,10011),(9996,'2017-01-11 00:00:00',104,'1484P','MQY',345,2.1,0,69.3,0,10016),(9997,'2017-01-11 00:00:00',105,'2778V','ATL',947,5.9,5.6,386.4,1,10017),(9998,'2017-01-14 00:00:00',106,'4278Y','GNV',1620,7.4,1.6,387.2,0,10012),(9999,'2017-01-18 00:00:00',104,'1484P','TYS',685,4.6,0,243.7,0,10014),(10000,'2017-01-23 00:00:00',105,'2289L','BNA',336,1.6,0,65.3,0,10010),(10001,'2017-02-04 00:00:00',104,'2289L','ATL',936,5.1,2.2,354.1,1,10011),(10002,'2017-02-04 00:00:00',101,'2778V','BNA',320,1.6,0,72.6,0,10016),(10003,'2017-02-04 00:00:00',105,'4278Y','GNV',1574,7.8,0,339.8,2,10014),(10004,'2017-02-05 00:00:00',106,'1484P','STL',472,2.9,4.9,97.2,1,10019),(10005,'2017-02-05 00:00:00',101,'2289L','ATL',1023,5.7,3.5,397.7,2,10011),(10006,'2017-02-05 00:00:00',109,'4278Y','STL',472,2.6,5.2,117.1,0,10017),(10007,'2017-02-05 00:00:00',104,'2778V','GNV',1574,7.9,0,348.4,2,10012),(10008,'2017-02-06 00:00:00',106,'1484P','TYS',644,4.1,0,140.6,1,10014),(10009,'2017-02-06 00:00:00',105,'2289L','GNV',1574,6.6,23.4,459.9,0,10017),(10010,'2017-02-06 00:00:00',109,'4278Y','ATL',998,6.2,3.2,279.7,0,10016),(10011,'2017-02-06 00:00:00',104,'2778V','BNA',352,1.9,5.3,66.4,1,10012),(10012,'2017-02-07 00:00:00',101,'1484P','MOB',884,4.8,4.2,215.1,0,10010),(10013,'2017-02-07 00:00:00',105,'4278Y','TYS',644,3.9,4.5,174.3,1,10011),(10014,'2017-02-08 00:00:00',106,'4278Y','ATL',936,6.1,2.1,302.6,0,10017),(10015,'2017-02-08 00:00:00',104,'2289L','GNV',1645,6.7,0,459.5,2,10016),(10016,'2017-02-08 00:00:00',109,'2778V','MQY',312,1.5,0,67.2,0,10011),(10017,'2017-02-09 00:00:00',101,'1484P','STL',508,3.1,0,105.5,0,10014),(10018,'2017-02-09 00:00:00',105,'4278Y','TYS',644,3.8,4.5,167.4,0,10017),(10019,'2017-02-08 00:00:00',105,'1484P','STL',479,3.5,0,124,0,10012),(10020,'2017-02-17 00:00:00',109,'2778V','MOB',824,4.6,0,183.1,1,10010),(10021,'2017-02-21 00:00:00',106,'4278Y','GNV',1623,9,4.2,360.7,1,10019),(10022,'2017-02-24 00:00:00',104,'2289L','STL',512,2.6,0,115.8,1,10017),(10023,'2017-02-28 00:00:00',105,'1484P','MQY',361,3.1,0,104.2,0,10013),(10024,'2017-03-01 00:00:00',101,'2778V','BNA',338,2.5,2.6,155.1,0,10015),(10025,'2017-03-01 00:00:00',106,'2289L','MOB',806,4.1,3.1,272.8,1,10016),(10026,'2017-03-01 00:00:00',109,'4278Y','TYS',687,3.6,1.8,155.6,2,10018),(10027,'2017-03-02 00:00:00',104,'1484P','ATL',958,5.9,0,218.6,0,10011),(10028,'2017-03-03 00:00:00',101,'2289L','STL',455,2.3,0,154.4,0,10014),(10029,'2017-03-05 00:00:00',105,'2778V','BNA',387,2.2,3.6,86,1,10012),(10030,'2017-03-07 00:00:00',106,'1484P','MQY',302,1.8,0,60.4,2,10019),(10031,'2017-03-08 00:00:00',109,'4278Y','MOB',842,4.4,6.1,187.9,1,10010),(10032,'2017-03-09 00:00:00',101,'2289L','GNV',1522,7.8,0,515.2,0,10013),(10033,'2017-03-10 00:00:00',104,'1484P','BNA',363,2,2.4,72.6,0,10011),(10034,'2017-03-12 00:00:00',105,'2778V','TYS',602,3.4,0,133.8,2,10017),(10035,'2017-03-14 00:00:00',106,'4278Y','STL',486,2.7,1.3,108,1,10012),(10036,'2017-03-15 00:00:00',109,'2289L','MOB',895,4.6,0,302.9,0,10011),(10037,'2017-03-17 00:00:00',104,'1484P','MQY',345,2.1,0,69.3,0,10016),(10038,'2017-03-18 00:00:00',105,'2778V','ATL',947,5.9,5.6,386.4,1,10017),(10039,'2017-03-20 00:00:00',106,'4278Y','GNV',1620,7.4,1.6,387.2,0,10012),(10040,'2017-03-20 00:00:00',101,'1484P','TYS',685,4.6,0,243.7,0,10014),(10041,'2017-03-22 00:00:00',105,'2289L','BNA',336,1.6,0,65.3,0,10010),(10042,'2017-03-23 00:00:00',104,'2289L','ATL',936,5.1,2.2,354.1,1,10011),(10043,'2017-03-24 00:00:00',101,'2778V','BNA',320,1.6,0,72.6,0,10016),(10044,'2017-03-25 00:00:00',105,'4278Y','GNV',1574,7.8,0,339.8,2,10014),(10045,'2017-03-26 00:00:00',106,'1484P','STL',472,2.9,4.9,97.2,1,10019),(10046,'2017-03-28 00:00:00',101,'2289L','ATL',1023,5.7,3.5,397.7,2,10011),(10047,'2017-03-30 00:00:00',109,'4278Y','STL',472,2.6,5.2,117.1,0,10017),(10048,'2017-03-31 00:00:00',104,'2778V','GNV',1574,7.9,0,348.4,2,10012),(10049,'2017-03-31 00:00:00',106,'1484P','TYS',644,4.1,0,140.6,1,10014),(10050,'2017-04-03 00:00:00',105,'2289L','GNV',1574,6.6,23.4,459.9,0,10017),(10051,'2017-04-06 00:00:00',109,'4278Y','ATL',998,6.2,3.2,279.7,0,10016),(10052,'2017-04-06 00:00:00',101,'1484P','BNA',352,1.9,5.3,66.4,1,10012),(10053,'2017-04-11 00:00:00',106,'2778V','MOB',884,4.8,4.2,215.1,0,10010),(10054,'2017-04-12 00:00:00',105,'1484P','TYS',644,3.9,4.5,174.3,1,10011),(10055,'2017-04-12 00:00:00',104,'4278Y','ATL',936,6.1,2.1,302.6,0,10017),(10056,'2017-04-13 00:00:00',109,'2289L','GNV',1645,6.7,0,459.5,2,10016),(10057,'2017-04-15 00:00:00',105,'2778V','MQY',312,1.5,0,67.2,0,10011),(10058,'2017-04-18 00:00:00',101,'1484P','STL',508,3.1,1.8,105.5,0,10014),(10059,'2017-04-19 00:00:00',106,'2289L','TYS',658,3.3,0,162.3,0,10017),(10060,'2017-04-19 00:00:00',105,'4278Y','TYS',644,3.8,4.5,167.4,0,10013),(10061,'2017-04-24 00:00:00',101,'1484P','STL',508,3.1,0,105.5,0,10014),(10062,'2017-04-27 00:00:00',109,'2778V','MQY',312,1.5,0,67.2,0,10011),(10063,'2017-04-28 00:00:00',104,'2289L','GNV',1645,6.7,3.7,459.5,2,10016),(10064,'2017-04-29 00:00:00',106,'4278Y','ATL',936,6.1,2.1,302.6,0,10017),(10065,'2017-05-03 00:00:00',105,'4278Y','TYS',644,3.9,4.5,174.3,1,10011),(10066,'2017-05-04 00:00:00',101,'2778V','MOB',884,4.8,4.2,215.1,0,10010),(10067,'2017-05-06 00:00:00',101,'1484P','BNA',352,1.9,5.3,66.4,1,10012),(10068,'2017-05-06 00:00:00',109,'4278Y','ATL',998,6.2,3.2,279.7,0,10016),(10069,'2017-05-10 00:00:00',105,'2289L','GNV',1574,6.6,23.4,459.9,0,10017),(10070,'2017-05-11 00:00:00',106,'1484P','TYS',644,4.1,0,140.6,1,10014),(10071,'2017-05-14 00:00:00',104,'2778V','GNV',1574,7.9,0,348.4,2,10012),(10072,'2017-05-19 00:00:00',109,'4278Y','STL',472,2.6,5.2,117.1,0,10017),(10073,'2017-05-22 00:00:00',101,'2289L','ATL',1023,5.7,3.5,397.7,2,10011),(10074,'2017-05-23 00:00:00',106,'1484P','STL',472,2.9,4.9,97.2,1,10019),(10075,'2017-05-23 00:00:00',105,'4278Y','GNV',1574,7.8,0,339.8,2,10014),(10076,'2017-05-26 00:00:00',101,'2778V','BNA',320,1.6,0,72.6,0,10016),(10077,'2017-05-26 00:00:00',109,'2289L','ATL',936,5.1,2.2,354.1,1,10011),(10078,'2017-05-28 00:00:00',105,'2289L','BNA',336,1.6,0,65.3,0,10010),(10079,'2017-05-28 00:00:00',104,'1484P','TYS',685,4.6,0,243.7,0,10014),(10080,'2017-05-29 00:00:00',106,'4278Y','GNV',1620,7.4,1.6,387.2,0,10012),(10081,'2017-05-31 00:00:00',105,'2778V','ATL',947,5.9,5.6,386.4,1,10017),(10082,'2017-05-31 00:00:00',104,'1484P','MQY',345,2.1,0,69.3,0,10016),(10083,'2017-06-01 00:00:00',109,'2289L','MOB',895,4.6,0,302.9,0,10011),(10084,'2017-06-03 00:00:00',106,'4278Y','STL',486,2.7,1.3,108,1,10012),(10085,'2017-06-04 00:00:00',105,'2778V','TYS',602,3.4,0,133.8,2,10017),(10086,'2017-06-04 00:00:00',104,'1484P','BNA',363,2,2.4,72.6,0,10011),(10087,'2017-06-06 00:00:00',101,'2289L','GNV',1522,7.8,0,515.2,0,10013),(10088,'2017-06-07 00:00:00',109,'4278Y','MOB',842,4.4,6.1,187.9,1,10010),(10089,'2017-06-07 00:00:00',106,'1484P','MQY',302,1.8,0,60.4,2,10019),(10090,'2017-06-09 00:00:00',105,'2778V','BNA',387,2.2,3.6,86,1,10012),(10091,'2017-06-10 00:00:00',101,'2289L','STL',455,2.3,0,154.4,0,10014),(10092,'2017-06-10 00:00:00',104,'1484P','ATL',958,5.9,0,218.6,0,10011),(10093,'2017-06-12 00:00:00',109,'4278Y','TYS',687,3.6,1.8,155.6,2,10018),(10094,'2017-06-13 00:00:00',106,'2289L','MOB',806,4.1,3.1,272.8,1,10016),(10095,'2017-06-14 00:00:00',101,'2778V','BNA',338,2.5,2.6,155.1,0,10015),(10096,'2017-06-15 00:00:00',105,'1484P','MQY',361,3.1,0,104.2,0,10013),(10097,'2017-06-16 00:00:00',104,'2289L','STL',512,2.6,0,115.8,1,10017),(10098,'2017-06-19 00:00:00',106,'4278Y','GNV',1623,9,4.2,360.7,1,10019),(10099,'2017-06-21 00:00:00',109,'2778V','MOB',824,4.6,0,183.1,1,10010),(10100,'2017-06-21 00:00:00',105,'1484P','STL',479,3.5,0,124,0,10012),(10101,'2017-06-23 00:00:00',104,'2289L','MQY',348,1.8,4.1,117.8,0,10014),(10102,'2017-06-25 00:00:00',106,'4278Y','ATL',1011,6.4,2.8,256.6,2,10011),(10103,'2017-06-26 00:00:00',109,'1484P','MOB',797,5.2,0,169,2,10018),(10104,'2017-06-26 00:00:00',101,'2778V','TYS',701,3.9,1.5,155.8,1,10013),(10105,'2017-07-03 00:00:00',104,'4278Y','ATL',965,5.4,0,214.4,0,10016),(10106,'2017-07-05 00:00:00',105,'2289L','BNA',385,1.9,3.1,130.3,1,10019),(10107,'2017-07-05 00:00:00',106,'1484P','GNV',1682,10.5,8.7,336.4,0,10015),(10108,'2017-07-09 00:00:00',109,'2289L','MOB',874,4.5,0,295.8,1,10017),(10109,'2017-07-10 00:00:00',101,'2778V','STL',524,2.9,0,116.4,0,10010),(10110,'2017-07-13 00:00:00',104,'4278Y','MQY',397,2.3,0,85.2,2,10014),(10111,'2017-07-15 00:00:00',105,'2289L','BNA',315,1.6,6.5,106.6,1,10012),(10112,'2017-07-16 00:00:00',106,'1484P','TYS',658,4.1,0,131.6,2,10011),(10113,'2017-07-17 00:00:00',109,'2778V','MOB',810,4.5,0,180,1,10018),(10114,'2017-07-19 00:00:00',101,'4278Y','ATL',978,5.4,8.2,217.3,0,10016),(10115,'2017-07-21 00:00:00',105,'1484P','STL',505,3.2,4.3,101.8,0,10013),(10116,'2017-07-21 00:00:00',104,'2289L','GNV',1701,8.7,4.1,575.7,1,10017),(10117,'2017-07-22 00:00:00',106,'4278Y','BNA',328,2.3,1.3,92.6,0,10019),(10118,'2017-07-23 00:00:00',109,'2778V','ATL',986,5.8,0,238,1,10015),(10119,'2017-07-23 00:00:00',105,'1484P','TYS',681,4.6,3.6,147.2,1,10010),(10120,'2017-07-25 00:00:00',101,'2289L','GNV',1598,8.2,0,546.2,0,10014),(10121,'2017-07-26 00:00:00',104,'2778V','GNV',1669,9.3,0,378.4,1,10011),(10122,'2017-07-27 00:00:00',109,'4278Y','MQY',314,1.7,0,68,1,10012),(10123,'2017-07-28 00:00:00',106,'1484P','STL',517,3.2,0,110.4,2,10016),(10124,'2017-07-31 00:00:00',105,'2778V','ATL',1002,5.6,4.5,223.9,1,10017),(10125,'2017-07-31 00:00:00',104,'2289L','BNA',318,1.7,7.2,112.2,0,10014),(10126,'2017-08-01 00:00:00',101,'1484P','MOB',892,6.1,0,191.5,0,10018),(10127,'2017-08-02 00:00:00',106,'4278Y','GNV',1549,8.4,0,336.7,0,10019),(10128,'2017-08-03 00:00:00',109,'2778V','ATL',1019,5.9,5.7,251.6,1,10011),(10129,'2017-08-05 00:00:00',105,'2289L','STL',462,2.3,3.3,174.8,2,10013),(10130,'2017-08-06 00:00:00',101,'4278Y','BNA',321,2.5,0,100,0,10010),(10131,'2017-08-07 00:00:00',104,'2778V','MOB',893,4.9,4.6,211.4,0,10015),(10132,'2017-08-08 00:00:00',106,'1484P','MQY',384,2.9,0,92.8,1,10012),(10133,'2017-08-11 00:00:00',109,'2289L','GNV',1594,7.9,1.9,521.3,0,10016),(10134,'2017-08-11 00:00:00',101,'2778V','TYS',674,3.7,5.4,162.2,1,10018),(10135,'2017-08-13 00:00:00',105,'4278Y','ATL',925,5.7,0,237.1,2,10014),(10136,'2017-08-14 00:00:00',104,'1484P','STL',541,3.4,0,108.8,0,10017),(10137,'2017-08-16 00:00:00',106,'2778V','TYS',668,4.2,3.8,153,0,10019),(10138,'2017-08-17 00:00:00',101,'4278Y','BNA',367,3.4,8.2,156.6,1,10013),(10139,'2017-08-18 00:00:00',104,'1484P','MOB',814,4.6,0,111.5,0,10017),(10140,'2017-08-20 00:00:00',105,'2289L','ATL',965,4.9,0,220.7,2,10010),(10141,'2017-08-21 00:00:00',101,'2778V','TYS',685,3.6,2.7,156.2,0,10018),(10142,'2017-08-21 00:00:00',109,'2289L','GNV',1646,7.4,2.9,519.3,1,10014),(10143,'2017-08-22 00:00:00',104,'1484P','MQY',337,3.5,0,93.8,1,10012),(10144,'2017-08-23 00:00:00',105,'2778V','MOB',843,5.4,6.4,216,0,10015),(10145,'2017-08-24 00:00:00',101,'4278Y','BNA',365,2.8,0,104.7,0,10010),(10146,'2017-08-25 00:00:00',105,'2289L','STL',511,2.1,4.3,174.1,2,10016),(10147,'2017-08-26 00:00:00',109,'2778V','ATL',1011,5.5,3.6,243.6,1,10011),(10148,'2017-08-26 00:00:00',106,'4278Y','GNV',1624,9.1,0,326.4,0,10019),(10149,'2017-08-30 00:00:00',101,'1484P','MOB',799,5.6,0,195.3,0,10018),(10150,'2017-08-31 00:00:00',104,'2289L','BNA',368,2.3,2.7,105.9,0,10014),(10151,'2017-09-01 00:00:00',105,'2778V','ATL',982,5.6,5.4,241.1,1,10017),(10152,'2017-09-03 00:00:00',106,'1484P','STL',517,3.2,0,114.4,2,10016),(10153,'2017-09-03 00:00:00',109,'4278Y','MQY',314,1.7,0,76.5,1,10012),(10154,'2017-09-04 00:00:00',104,'2778V','GNV',1611,9.3,0,365.7,1,10011),(10155,'2017-09-06 00:00:00',101,'2289L','GNV',1584,8.2,0,546.2,0,10014),(10156,'2017-09-12 00:00:00',105,'1484P','TYS',681,4.6,6.3,147.2,1,10010),(10157,'2017-09-12 00:00:00',106,'2778V','ATL',986,5.8,0,238,1,10015),(10158,'2017-09-14 00:00:00',104,'4278Y','BNA',328,2.3,3.1,92.6,0,10019),(10159,'2017-09-18 00:00:00',106,'2289L','GNV',1701,8.7,1.4,575.7,1,10017),(10160,'2017-09-21 00:00:00',105,'1484P','STL',505,3.2,3.4,101.8,0,10013),(10161,'2017-09-23 00:00:00',101,'4278Y','ATL',978,5.4,2.8,217.3,0,10016),(10162,'2017-09-24 00:00:00',109,'2778V','MOB',810,4.5,0,180,1,10018),(10163,'2017-09-24 00:00:00',106,'1484P','TYS',658,4.1,0,131.6,2,10011),(10164,'2017-09-29 00:00:00',105,'2289L','BNA',315,1.6,5.6,106.6,1,10012),(10165,'2017-09-30 00:00:00',104,'4278Y','MQY',397,2.3,0,85.2,2,10014),(10166,'2017-10-01 00:00:00',101,'2778V','STL',524,2.9,0,116.4,0,10010),(10167,'2017-10-03 00:00:00',109,'2289L','MOB',874,4.5,2.2,295.8,1,10017),(10168,'2017-10-04 00:00:00',106,'1484P','GNV',1682,10.5,7.8,336.4,0,10015),(10169,'2017-10-06 00:00:00',104,'4278Y','ATL',965,5.4,0,214.4,0,10016),(10170,'2017-10-08 00:00:00',101,'2778V','TYS',701,3.9,1.5,155.8,1,10013),(10171,'2017-10-08 00:00:00',109,'1484P','MOB',797,5.2,0,169,2,10018),(10172,'2017-10-09 00:00:00',106,'4278Y','ATL',1011,6.4,2.8,256.6,2,10011),(10173,'2017-10-10 00:00:00',104,'2289L','MQY',348,1.8,4.1,117.8,0,10014),(10174,'2017-10-12 00:00:00',105,'1484P','STL',479,3.5,0,124,0,10012),(10175,'2017-10-12 00:00:00',109,'2778V','MOB',824,4.6,0,183.1,1,10010),(10176,'2017-10-14 00:00:00',106,'4278Y','GNV',1623,9,4.2,360.7,1,10019),(10177,'2017-10-15 00:00:00',109,'2289L','STL',512,2.6,0,115.8,1,10017),(10178,'2017-10-16 00:00:00',105,'1484P','MQY',361,3.1,0,104.2,0,10013),(10179,'2017-10-19 00:00:00',101,'2778V','BNA',338,2.5,2.6,155.1,0,10015),(10180,'2017-10-19 00:00:00',106,'2289L','MOB',806,4.1,3.1,272.8,1,10016),(10181,'2017-10-20 00:00:00',109,'4278Y','TYS',687,3.6,1.8,155.6,2,10018),(10182,'2017-10-20 00:00:00',104,'1484P','ATL',958,5.9,0,218.6,0,10011),(10183,'2017-10-22 00:00:00',101,'2289L','STL',455,2.3,0,154.4,0,10014),(10184,'2017-10-23 00:00:00',105,'2778V','BNA',387,2.2,3.6,86,1,10012),(10185,'2017-10-24 00:00:00',106,'1484P','MQY',302,1.8,0,60.4,2,10019),(10186,'2017-10-26 00:00:00',109,'4278Y','MOB',842,4.4,6.1,187.9,1,10010),(10187,'2017-10-26 00:00:00',101,'2289L','GNV',1522,7.8,0,515.2,0,10013),(10188,'2017-10-29 00:00:00',101,'2778V','TYS',701,3.9,1.5,155.8,1,10013),(10189,'2017-10-29 00:00:00',104,'4278Y','ATL',965,5.4,0,214.4,0,10016),(10190,'2017-11-03 00:00:00',105,'2289L','BNA',385,1.9,3.1,130.3,1,10019),(10191,'2017-11-04 00:00:00',106,'1484P','GNV',1682,10.5,8.7,336.4,0,10015),(10192,'2017-11-05 00:00:00',109,'2289L','MOB',874,4.5,0,295.8,1,10017),(10193,'2017-11-10 00:00:00',101,'2778V','STL',524,2.9,0,116.4,0,10010),(10194,'2017-11-13 00:00:00',104,'4278Y','MQY',397,2.3,0,85.2,2,10014),(10195,'2017-11-16 00:00:00',105,'2289L','BNA',315,1.6,6.5,106.6,1,10012),(10196,'2017-11-17 00:00:00',106,'1484P','TYS',658,4.1,0,131.6,2,10011),(10197,'2017-11-18 00:00:00',109,'2778V','MOB',810,4.5,0,180,1,10018),(10198,'2017-11-19 00:00:00',101,'4278Y','ATL',978,5.4,8.2,217.3,0,10016),(10199,'2017-11-21 00:00:00',105,'1484P','STL',505,3.2,4.3,101.8,0,10013),(10200,'2017-11-22 00:00:00',104,'2289L','GNV',1701,8.7,4.1,575.7,1,10017),(10201,'2017-11-22 00:00:00',106,'4278Y','BNA',328,2.3,1.3,92.6,0,10019),(10202,'2017-11-23 00:00:00',109,'2778V','ATL',986,5.8,0,238,1,10015),(10203,'2017-11-24 00:00:00',105,'1484P','TYS',681,4.6,3.6,147.2,1,10010),(10204,'2017-11-24 00:00:00',101,'2289L','BNA',337,1.8,0,130.5,0,10014),(10205,'2017-11-25 00:00:00',104,'2778V','GNV',1635,9.3,0,378.4,1,10011),(10206,'2017-11-28 00:00:00',109,'4278Y','MQY',314,1.7,0,68,1,10012),(10207,'2017-11-28 00:00:00',106,'1484P','STL',517,3.2,0,110.4,2,10016),(10208,'2017-11-29 00:00:00',105,'2778V','ATL',1002,5.6,4.5,223.9,1,10017),(10209,'2017-11-29 00:00:00',104,'2289L','BNA',318,1.7,7.2,112.2,0,10014),(10210,'2017-12-01 00:00:00',101,'1484P','MOB',892,6.1,0,191.5,0,10018),(10211,'2017-12-02 00:00:00',106,'4278Y','GNV',1549,8.4,0,336.7,0,10019),(10212,'2017-12-03 00:00:00',109,'2778V','ATL',1019,5.9,5.7,251.6,1,10011),(10213,'2017-12-04 00:00:00',105,'2289L','STL',462,2.3,3.3,174.8,2,10013),(10214,'2017-12-05 00:00:00',101,'4278Y','BNA',321,2.5,0,100,0,10010),(10215,'2017-12-06 00:00:00',104,'2778V','MOB',893,4.9,4.6,211.4,0,10015),(10216,'2017-12-08 00:00:00',106,'1484P','MQY',384,2.9,0,92.8,1,10012),(10217,'2017-12-09 00:00:00',109,'2289L','GNV',1594,7.9,1.9,521.3,0,10016),(10218,'2017-12-10 00:00:00',101,'2778V','TYS',674,3.7,5.4,162.2,1,10018),(10219,'2017-12-11 00:00:00',105,'4278Y','ATL',925,5.7,0,237.1,2,10014),(10220,'2017-12-13 00:00:00',104,'1484P','STL',541,3.4,0,108.8,0,10017),(10221,'2017-12-13 00:00:00',106,'2778V','TYS',668,4.2,3.8,153,0,10019),(10222,'2017-12-16 00:00:00',101,'4278Y','BNA',367,3.4,8.2,156.6,1,10013),(10223,'2017-12-17 00:00:00',104,'1484P','MOB',814,4.6,0,111.5,0,10017),(10224,'2017-12-19 00:00:00',105,'2289L','ATL',965,4.9,0,220.7,2,10010),(10225,'2017-12-20 00:00:00',101,'2778V','TYS',685,3.6,2.7,156.2,0,10018),(10226,'2017-12-23 00:00:00',109,'2289L','GNV',1646,7.4,2.9,519.3,1,10014),(10227,'2017-12-24 00:00:00',104,'1484P','MQY',337,3.5,0,93.8,1,10012),(10228,'2017-12-25 00:00:00',105,'2778V','MOB',843,5.4,6.4,216,0,10015),(10229,'2017-12-27 00:00:00',101,'4278Y','BNA',365,2.8,0,104.7,0,10010),(10230,'2017-12-30 00:00:00',105,'2289L','STL',511,2.1,4.3,174.1,2,10016),(10231,'2017-12-30 00:00:00',109,'2778V','ATL',1011,5.5,3.6,243.6,1,10011),(10232,'2018-01-02 00:00:00',106,'4278Y','GNV',1624,9.1,0,326.4,0,10019),(10233,'2018-01-05 00:00:00',101,'1484P','MOB',799,5.6,0,195.3,0,10018),(10234,'2018-01-05 00:00:00',104,'2289L','BNA',368,2.3,2.7,105.9,0,10014),(10235,'2018-01-07 00:00:00',105,'2778V','ATL',982,5.6,5.4,241.1,1,10017),(10236,'2018-01-07 00:00:00',106,'1484P','STL',517,3.2,0,114.4,2,10016),(10237,'2018-01-10 00:00:00',109,'4278Y','MQY',314,1.7,0,76.5,1,10012),(10238,'2018-01-11 00:00:00',104,'2778V','ATL',968,5.1,0,251.3,1,10011),(10239,'2018-01-12 00:00:00',101,'2289L','GNV',1592,8.2,0,546.2,0,10014),(10240,'2018-01-14 00:00:00',105,'1484P','TYS',681,4.6,6.3,147.2,1,10010),(10241,'2018-01-16 00:00:00',106,'2778V','ATL',986,5.8,0,238,1,10015),(10242,'2018-01-17 00:00:00',104,'4278Y','BNA',328,2.3,3.1,92.6,0,10019),(10243,'2018-01-18 00:00:00',106,'2289L','GNV',1701,8.7,1.4,575.7,1,10017),(10244,'2018-01-19 00:00:00',105,'1484P','STL',505,3.2,3.4,101.8,0,10013),(10245,'2018-01-21 00:00:00',101,'4278Y','ATL',978,5.4,2.8,217.3,0,10016),(10246,'2018-01-24 00:00:00',109,'2778V','MOB',810,4.5,0,180,1,10018),(10247,'2018-01-24 00:00:00',106,'1484P','TYS',658,4.1,0,131.6,2,10011),(10248,'2018-01-25 00:00:00',105,'2289L','BNA',315,1.6,5.6,106.6,1,10012),(10249,'2018-01-26 00:00:00',104,'4278Y','MQY',397,2.3,0,85.2,2,10014),(10250,'2018-01-27 00:00:00',101,'2778V','STL',524,2.9,0,116.4,0,10010),(10251,'2018-01-28 00:00:00',109,'2289L','MOB',874,4.5,2.2,295.8,1,10017),(10252,'2018-01-29 00:00:00',106,'1484P','GNV',1682,10.5,7.8,336.4,0,10015),(10253,'2018-01-30 00:00:00',104,'4278Y','ATL',965,5.4,0,214.4,0,10016),(10254,'2018-02-01 00:00:00',101,'2778V','TYS',701,3.9,1.5,155.8,1,10013),(10255,'2018-02-02 00:00:00',109,'1484P','MOB',797,5.2,0,169,2,10018),(10256,'2018-02-04 00:00:00',106,'4278Y','ATL',1011,6.4,2.8,256.6,2,10011),(10257,'2018-02-05 00:00:00',104,'2289L','MQY',348,1.8,4.1,117.8,0,10014),(10258,'2018-02-06 00:00:00',105,'1484P','STL',479,3.5,0,124,0,10012),(10259,'2018-02-07 00:00:00',109,'2778V','MOB',824,4.6,0,183.1,1,10010),(10260,'2018-02-08 00:00:00',106,'4278Y','GNV',1623,9,4.2,360.7,1,10019),(10261,'2018-02-09 00:00:00',109,'2289L','STL',512,2.6,0,115.8,1,10017),(10262,'2018-02-11 00:00:00',105,'1484P','MQY',361,3.1,0,104.2,0,10013),(10263,'2018-02-12 00:00:00',101,'2778V','BNA',338,2.5,2.6,155.1,0,10015),(10264,'2018-02-13 00:00:00',106,'2289L','MOB',806,4.1,3.1,272.8,1,10016),(10265,'2018-02-22 00:00:00',109,'4278Y','TYS',687,3.6,1.8,155.6,2,10018),(10266,'2018-02-25 00:00:00',104,'1484P','ATL',958,5.9,0,218.6,0,10011),(10267,'2018-02-28 00:00:00',101,'2289L','STL',455,2.3,0,154.4,0,10014),(10268,'2018-03-01 00:00:00',105,'2778V','BNA',387,2.2,3.6,86,1,10012),(10269,'2018-03-01 00:00:00',106,'1484P','MQY',302,1.8,0,60.4,2,10019),(10270,'2018-03-02 00:00:00',109,'4278Y','MOB',842,4.4,6.1,187.9,1,10010),(10271,'2018-03-04 00:00:00',101,'2289L','GNV',1522,7.8,0,515.2,0,10013),(10272,'2018-03-07 00:00:00',104,'1484P','BNA',363,2,2.4,72.6,0,10011),(10273,'2018-03-08 00:00:00',105,'2778V','TYS',602,3.4,0,133.8,2,10017),(10274,'2018-03-10 00:00:00',106,'4278Y','STL',486,2.7,1.3,108,1,10012),(10275,'2018-03-13 00:00:00',109,'2289L','MOB',895,4.6,0,302.9,0,10011),(10276,'2018-03-19 00:00:00',104,'1484P','MQY',345,2.1,0,69.3,0,10016),(10277,'2018-03-19 00:00:00',105,'2778V','ATL',947,5.9,5.6,386.4,1,10017),(10278,'2018-03-20 00:00:00',106,'4278Y','GNV',1620,7.4,1.6,387.2,0,10012),(10279,'2018-03-21 00:00:00',104,'1484P','TYS',685,4.6,0,243.7,0,10014),(10280,'2018-03-22 00:00:00',105,'2289L','BNA',336,1.6,0,65.3,0,10010),(10281,'2018-03-23 00:00:00',109,'2289L','ATL',936,5.1,2.2,354.1,1,10011),(10282,'2018-03-24 00:00:00',101,'2778V','BNA',320,1.6,0,72.6,0,10016),(10283,'2018-03-25 00:00:00',105,'4278Y','GNV',1574,7.8,0,339.8,2,10014),(10284,'2018-03-25 00:00:00',106,'1484P','STL',472,2.9,4.9,97.2,1,10019);
/*!40000 ALTER TABLE `charter` ENABLE KEYS */;
UNLOCK TABLES;

--
-- Table structure for table `charter_fact`
--

DROP TABLE IF EXISTS `charter_fact`;
/*!40101 SET @saved_cs_client     = @@character_set_client */;
/*!50503 SET character_set_client = utf8mb4 */;
CREATE TABLE `charter_fact` (
  `TIME_ID` int NOT NULL,
  `MOD_CODE` varchar(10) DEFAULT NULL,
  `CHAR_PILOT` int DEFAULT NULL
) ENGINE=InnoDB DEFAULT CHARSET=utf8mb4 COLLATE=utf8mb4_0900_ai_ci;
/*!40101 SET character_set_client = @saved_cs_client */;

--
-- Dumping data for table `charter_fact`
--

LOCK TABLES `charter_fact` WRITE;
/*!40000 ALTER TABLE `charter_fact` DISABLE KEYS */;
INSERT INTO `charter_fact` VALUES (1000001,'C-90A',109),(1000002,'PA31-350',106),(1000003,'PA31-350',105),(1000004,'PA23-250',104),(1000005,'C-90A',101),(1000006,'PA31-350',109),(1000007,'PA23-250',106),(1000008,'PA31-350',105),(1000009,'C-90A',101),(1000010,'PA23-250',104),(1000011,'PA31-350',109),(1000012,'C-90A',106),(1000013,'PA31-350',101),(1000014,'PA23-250',105),(1000015,'C-90A',104),(1000016,'PA31-350',106),(1000017,'PA31-350',109),(1000018,'PA23-250',105),(1000019,'C-90A',104),(1000020,'PA31-350',106),(1000021,'PA23-250',109),(1000022,'PA31-350',101),(1000023,'PA31-350',104),(1000024,'C-90A',105),(1000025,'PA23-250',106),(1000026,'C-90A',109),(1000027,'PA31-350',101),(1000028,'PA31-350',104),(1000029,'C-90A',105),(1000030,'PA23-250',106),(1000031,'PA31-350',109),(1000032,'PA31-350',101),(1000033,'PA23-250',105),(1000034,'C-90A',104),(1000035,'PA31-350',106),(1000036,'PA31-350',109),(1000037,'PA23-250',105),(1000038,'C-90A',101),(1000039,'PA31-350',104),(1000040,'PA31-350',109),(1000041,'PA23-250',106),(1000042,'PA31-350',105),(1000043,'C-90A',104),(1000044,'PA23-250',101),(1000045,'PA31-350',106),(1000046,'PA31-350',109),(1000047,'C-90A',105),(1000048,'PA31-350',101),(1000049,'PA31-350',104),(1000050,'PA23-250',106),(1000051,'C-90A',109),(1000052,'PA31-350',101),(1000053,'PA31-350',105),(1000054,'PA23-250',104),(1000055,'PA31-350',106),(1000056,'PA31-350',101),(1000057,'PA23-250',104),(1000058,'C-90A',105),(1000059,'PA31-350',101),(1000060,'C-90A',109),(1000061,'PA23-250',104),(1000062,'PA31-350',105),(1000063,'PA31-350',101),(1000064,'C-90A',105),(1000065,'PA31-350',109),(1000066,'PA31-350',106),(1000067,'PA23-250',101),(1000068,'C-90A',104),(1000069,'PA31-350',105),(1000070,'PA23-250',106),(1000071,'PA31-350',109),(1000072,'PA31-350',104),(1000073,'C-90A',101),(1000074,'PA23-250',105),(1000075,'PA31-350',106),(1000076,'PA31-350',104),(1000077,'C-90A',106),(1000078,'PA23-250',105),(1000079,'PA31-350',101),(1000080,'PA31-350',109),(1000081,'PA23-250',106),(1000082,'C-90A',105),(1000083,'PA31-350',104),(1000084,'PA31-350',101),(1000085,'C-90A',109),(1000086,'PA23-250',106),(1000087,'PA31-350',104),(1000088,'PA31-350',101),(1000089,'PA23-250',109),(1000090,'PA31-350',106),(1000091,'C-90A',104),(1000092,'PA23-250',105),(1000093,'PA31-350',109),(1000094,'PA31-350',106),(1000095,'C-90A',109),(1000096,'PA23-250',105),(1000097,'PA31-350',101),(1000098,'C-90A',106),(1000099,'PA31-350',109),(1000100,'PA23-250',104),(1000101,'C-90A',101),(1000102,'PA31-350',105),(1000103,'PA23-250',106),(1000104,'PA31-350',109),(1000105,'C-90A',101),(1000106,'PA23-250',104),(1000107,'PA31-350',105),(1000108,'PA31-350',106),(1000109,'C-90A',109),(1000110,'PA23-250',104),(1000111,'PA31-350',105),(1000112,'PA31-350',106),(1000113,'PA23-250',104),(1000114,'C-90A',105),(1000115,'C-90A',109),(1000116,'PA31-350',101),(1000117,'PA31-350',105),(1000118,'PA23-250',106),(1000119,'C-90A',101),(1000120,'PA31-350',109),(1000121,'PA31-350',104),(1000122,'PA23-250',106),(1000123,'C-90A',105),(1000124,'PA31-350',109),(1000125,'PA23-250',106),(1000126,'PA31-350',101),(1000127,'PA31-350',105),(1000128,'PA31-350',106),(1000129,'C-90A',104),(1000130,'PA31-350',109),(1000131,'PA23-250',101),(1000132,'PA31-350',105),(1000133,'C-90A',106),(1000134,'PA31-350',101),(1000135,'PA31-350',109),(1000136,'C-90A',104),(1000137,'PA23-250',106),(1000138,'PA31-350',105),(1000139,'PA31-350',101),(1000140,'PA23-250',104),(1000141,'PA31-350',109),(1000142,'C-90A',105),(1000143,'PA23-250',106),(1000144,'PA31-350',104),(1000145,'PA31-350',109),(1000146,'C-90A',101),(1000147,'PA23-250',106),(1000148,'PA31-350',105),(1000149,'PA31-350',101),(1000150,'C-90A',106),(1000151,'C-90A',104),(1000152,'PA23-250',105),(1000153,'PA31-350',106),(1000154,'PA31-350',105),(1000155,'PA23-250',104),(1000156,'C-90A',109),(1000157,'PA31-350',106),(1000158,'PA31-350',105),(1000159,'PA23-250',104),(1000160,'C-90A',101),(1000161,'PA31-350',109),(1000162,'PA23-250',106),(1000163,'PA31-350',105),(1000164,'C-90A',101),(1000165,'PA23-250',104),(1000166,'PA31-350',109),(1000167,'C-90A',106),(1000168,'PA31-350',101),(1000169,'PA23-250',105),(1000170,'C-90A',109),(1000171,'PA31-350',106),(1000172,'PA31-350',109),(1000173,'PA23-250',105),(1000174,'C-90A',104),(1000175,'PA31-350',106),(1000176,'PA23-250',109),(1000177,'PA31-350',101),(1000178,'PA31-350',104),(1000179,'PA23-250',106),(1000180,'C-90A',109),(1000181,'PA31-350',101),(1000182,'PA31-350',104),(1000183,'C-90A',105),(1000184,'PA23-250',106),(1000185,'PA31-350',109),(1000186,'PA31-350',101),(1000187,'PA23-250',105),(1000188,'C-90A',106),(1000189,'PA31-350',104),(1000190,'PA31-350',106),(1000191,'PA23-250',105),(1000192,'C-90A',101),(1000193,'PA31-350',104),(1000194,'PA31-350',109),(1000195,'PA23-250',106),(1000196,'PA31-350',105),(1000197,'C-90A',104),(1000198,'PA23-250',101),(1000199,'PA31-350',106),(1000200,'PA31-350',109),(1000201,'C-90A',105),(1000202,'PA31-350',101),(1000203,'PA31-350',105),(1000204,'PA23-250',104),(1000205,'C-90A',109),(1000206,'PA31-350',101),(1000207,'C-90A',105),(1000208,'PA23-250',104),(1000209,'PA31-350',101),(1000210,'PA31-350',106),(1000211,'PA23-250',104),(1000212,'PA31-350',105),(1000213,'PA31-350',101),(1000214,'C-90A',109),(1000215,'PA23-250',106),(1000216,'PA31-350',104),(1000217,'PA31-350',101),(1000218,'C-90A',105),(1000219,'PA31-350',109),(1000220,'PA31-350',106),(1000221,'PA23-250',101),(1000222,'C-90A',104),(1000223,'PA31-350',105),(1000224,'PA23-250',106),(1000225,'PA31-350',109),(1000226,'PA31-350',104),(1000227,'C-90A',101),(1000228,'PA23-250',105),(1000229,'PA31-350',109),(1000230,'PA31-350',106),(1000231,'C-90A',104),(1000232,'PA23-250',105),(1000233,'PA31-350',101),(1000234,'PA31-350',109),(1000235,'PA23-250',106),(1000236,'C-90A',105),(1000237,'PA31-350',104),(1000238,'PA31-350',101),(1000239,'C-90A',109),(1000240,'PA23-250',106),(1000241,'C-90A',105),(1000242,'PA31-350',104),(1000243,'PA31-350',101),(1000244,'PA23-250',109),(1000245,'PA31-350',106),(1000246,'C-90A',104),(1000247,'PA23-250',105),(1000248,'PA31-350',109),(1000249,'PA31-350',106),(1000250,'C-90A',104),(1000251,'PA23-250',105),(1000252,'PA31-350',101),(1000253,'C-90A',106),(1000254,'PA31-350',109),(1000255,'PA23-250',104),(1000256,'C-90A',101),(1000257,'PA31-350',105),(1000258,'PA23-250',106),(1000259,'PA31-350',109),(1000260,'C-90A',101),(1000261,'PA23-250',104),(1000262,'PA31-350',105),(1000263,'PA31-350',106),(1000264,'C-90A',109),(1000265,'PA23-250',104),(1000266,'PA31-350',105),(1000267,'PA31-350',106),(1000268,'PA23-250',101),(1000269,'C-90A',105),(1000270,'C-90A',104),(1000271,'PA31-350',101),(1000272,'PA31-350',105),(1000273,'PA23-250',106),(1000274,'C-90A',101),(1000275,'PA31-350',109),(1000276,'PA31-350',104),(1000277,'PA23-250',106),(1000278,'C-90A',105),(1000279,'PA31-350',109),(1000280,'PA23-250',101),(1000281,'PA31-350',106),(1000282,'PA23-250',105),(1000283,'PA31-350',104),(1000284,'C-90A',109),(1000285,'PA31-350',105),(1000286,'PA23-250',101),(1000287,'C-90A',106),(1000288,'PA31-350',105),(1000289,'PA23-250',101),(1000290,'PA31-350',109),(1000291,'C-90A',104),(1000292,'PA31-350',106),(1000293,'PA31-350',105),(1000294,'PA31-350',101),(1000295,'PA23-250',101),(1000296,'PA31-350',109),(1000297,'C-90A',105),(1000298,'PA23-250',106),(1000299,'PA31-350',104),(1000300,'PA31-350',109),(1000301,'C-90A',101),(1000302,'PA23-250',106),(1000303,'PA31-350',105),(1000304,'PA31-350',101),(1000305,'C-90A',109),(1000306,'C-90A',105),(1000307,'PA23-250',104),(1000308,'PA31-350',106),(1000309,'PA31-350',105),(1000310,'PA23-250',104),(1000311,'C-90A',109),(1000312,'PA31-350',106),(1000313,'PA31-350',105),(1000314,'PA23-250',104),(1000315,'C-90A',101),(1000316,'PA31-350',109),(1000317,'PA23-250',106),(1000318,'PA31-350',105),(1000319,'C-90A',101),(1000320,'PA23-250',104),(1000321,'PA31-350',109),(1000322,'C-90A',106),(1000323,'PA31-350',101),(1000324,'PA23-250',105),(1000325,'C-90A',104),(1000326,'PA31-350',106),(1000327,'PA31-350',109),(1000328,'PA23-250',105),(1000329,'C-90A',104),(1000330,'PA31-350',106),(1000331,'PA23-250',109),(1000332,'PA31-350',101),(1000333,'PA31-350',104),(1000334,'C-90A',105),(1000335,'PA23-250',106),(1000336,'C-90A',109),(1000337,'PA31-350',101),(1000338,'PA31-350',104),(1000339,'C-90A',105),(1000340,'PA23-250',106),(1000341,'PA31-350',109),(1000342,'PA31-350',101),(1000343,'PA23-250',105),(1000344,'C-90A',104),(1000345,'PA31-350',106),(1000346,'PA31-350',109),(1000347,'PA23-250',105),(1000348,'C-90A',101),(1000349,'PA31-350',104),(1000350,'PA31-350',109),(1000351,'PA23-250',106),(1000352,'PA31-350',105),(1000353,'C-90A',104),(1000354,'PA23-250',101),(1000355,'PA31-350',106),(1000356,'PA31-350',109),(1000357,'C-90A',105),(1000358,'PA31-350',101),(1000359,'PA31-350',104),(1000360,'PA23-250',106),(1000361,'C-90A',109),(1000362,'PA31-350',101),(1000363,'PA31-350',105),(1000364,'PA23-250',104),(1000365,'PA31-350',106),(1000366,'PA31-350',101),(1000367,'PA23-250',104),(1000368,'C-90A',105),(1000369,'PA31-350',101),(1000370,'C-90A',109),(1000371,'PA23-250',104),(1000372,'PA31-350',105),(1000373,'PA31-350',101),(1000374,'C-90A',105),(1000375,'PA31-350',109),(1000376,'PA31-350',106),(1000377,'PA23-250',101),(1000378,'C-90A',104),(1000379,'PA31-350',105),(1000380,'PA23-250',106),(1000381,'PA31-350',109),(1000382,'PA31-350',104),(1000383,'C-90A',101),(1000384,'PA23-250',105),(1000385,'PA31-350',106),(1000386,'PA31-350',104),(1000387,'C-90A',106),(1000388,'PA23-250',105),(1000389,'PA31-350',101),(1000390,'PA31-350',109),(1000391,'PA23-250',106),(1000392,'C-90A',105),(1000393,'PA31-350',104),(1000394,'PA31-350',101),(1000395,'C-90A',109),(1000396,'PA23-250',106),(1000397,'PA31-350',104),(1000398,'PA31-350',101),(1000399,'PA23-250',109),(1000400,'PA31-350',106),(1000401,'C-90A',104),(1000402,'PA23-250',105),(1000403,'PA31-350',109),(1000404,'PA31-350',106),(1000405,'C-90A',109),(1000406,'PA23-250',105),(1000407,'PA31-350',101),(1000408,'C-90A',106),(1000409,'PA31-350',109),(1000410,'PA23-250',104),(1000411,'C-90A',101),(1000412,'PA31-350',105),(1000413,'PA23-250',106),(1000414,'PA31-350',109),(1000415,'C-90A',101),(1000416,'PA23-250',104),(1000417,'PA31-350',105),(1000418,'PA31-350',106),(1000419,'C-90A',109),(1000420,'PA23-250',104),(1000421,'PA31-350',105),(1000422,'PA31-350',106),(1000423,'PA23-250',105),(1000424,'C-90A',104),(1000425,'C-90A',106),(1000426,'PA31-350',101),(1000427,'PA31-350',105),(1000428,'PA23-250',106),(1000429,'C-90A',101),(1000430,'PA31-350',109),(1000431,'PA31-350',104),(1000432,'PA23-250',106),(1000433,'C-90A',105),(1000434,'PA31-350',109),(1000435,'PA23-250',101),(1000436,'PA31-350',104),(1000437,'PA31-350',105),(1000438,'PA23-250',106),(1000439,'C-90A',105),(1000440,'PA31-350',109),(1000441,'PA31-350',101),(1000442,'C-90A',106),(1000443,'PA31-350',105),(1000444,'PA23-250',101),(1000445,'PA31-350',109),(1000446,'C-90A',104),(1000447,'PA31-350',106),(1000448,'PA31-350',105),(1000449,'PA31-350',101),(1000450,'PA23-250',106),(1000451,'PA31-350',109),(1000452,'C-90A',105),(1000453,'PA23-250',106),(1000454,'PA31-350',104),(1000455,'PA31-350',109),(1000456,'C-90A',101),(1000457,'PA23-250',106),(1000458,'PA31-350',105),(1000459,'PA31-350',101),(1000460,'C-90A',104),(1000461,'C-90A',105),(1000462,'PA23-250',104),(1000463,'PA31-350',106),(1000464,'PA31-350',105),(1000465,'PA23-250',104),(1000466,'C-90A',109),(1000467,'PA31-350',106),(1000468,'PA31-350',105),(1000469,'PA23-250',104),(1000470,'C-90A',101),(1000471,'PA31-350',109),(1000472,'PA23-250',106),(1000473,'PA31-350',105),(1000474,'C-90A',101),(1000475,'PA23-250',104),(1000476,'PA31-350',109),(1000477,'C-90A',106),(1000478,'PA31-350',101),(1000479,'PA23-250',105),(1000480,'C-90A',109),(1000481,'PA31-350',106),(1000482,'PA31-350',109),(1000483,'PA23-250',105),(1000484,'C-90A',104),(1000485,'PA31-350',106),(1000486,'PA23-250',109),(1000487,'PA31-350',101),(1000488,'PA31-350',104),(1000489,'PA23-250',106),(1000490,'C-90A',109),(1000491,'PA31-350',101),(1000492,'PA31-350',104),(1000493,'C-90A',105),(1000494,'PA23-250',106),(1000495,'PA31-350',109),(1000496,'PA31-350',101),(1000497,'PA23-250',105),(1000498,'C-90A',106),(1000499,'PA31-350',104),(1000500,'PA31-350',106),(1000501,'PA23-250',105),(1000502,'C-90A',101),(1000503,'PA31-350',104),(1000504,'PA31-350',109),(1000505,'PA23-250',106),(1000506,'PA31-350',105),(1000507,'C-90A',104),(1000508,'PA23-250',101),(1000509,'PA31-350',106),(1000510,'PA31-350',109),(1000511,'C-90A',105),(1000512,'PA31-350',101),(1000513,'PA31-350',105),(1000514,'PA23-250',104),(1000515,'C-90A',109),(1000516,'PA31-350',101),(1000517,'C-90A',105),(1000518,'PA23-250',104),(1000519,'PA31-350',101),(1000520,'PA31-350',106),(1000521,'PA23-250',104),(1000522,'PA31-350',105),(1000523,'PA31-350',101),(1000524,'C-90A',109),(1000525,'PA23-250',106),(1000526,'PA31-350',104),(1000527,'PA31-350',101),(1000528,'C-90A',105),(1000529,'PA31-350',109),(1000530,'PA31-350',106),(1000531,'PA23-250',101),(1000532,'C-90A',104),(1000533,'PA31-350',105),(1000534,'PA23-250',106),(1000535,'PA31-350',109),(1000536,'PA31-350',104),(1000537,'C-90A',101),(1000538,'PA23-250',105),(1000539,'PA31-350',109),(1000540,'PA31-350',106),(1000541,'C-90A',104),(1000542,'PA23-250',105),(1000543,'PA31-350',101),(1000544,'PA31-350',109),(1000545,'PA23-250',106),(1000546,'C-90A',105),(1000547,'PA31-350',104),(1000548,'PA31-350',101),(1000549,'C-90A',109),(1000550,'PA23-250',106),(1000551,'C-90A',105),(1000552,'PA31-350',104),(1000553,'PA31-350',101),(1000554,'PA23-250',109),(1000555,'PA31-350',106),(1000556,'C-90A',104),(1000557,'PA23-250',105),(1000558,'PA31-350',109),(1000559,'PA31-350',106),(1000560,'C-90A',104),(1000561,'PA23-250',105),(1000562,'PA31-350',101),(1000563,'C-90A',106),(1000564,'PA31-350',109),(1000565,'PA23-250',104),(1000566,'C-90A',101),(1000567,'PA31-350',105),(1000568,'PA23-250',106),(1000569,'PA31-350',109),(1000570,'C-90A',101),(1000571,'PA23-250',104),(1000572,'PA31-350',105),(1000573,'PA31-350',106),(1000574,'C-90A',109),(1000575,'PA23-250',104),(1000576,'PA31-350',105),(1000577,'PA31-350',106),(1000578,'PA23-250',104),(1000579,'C-90A',105),(1000580,'C-90A',104),(1000581,'PA31-350',101),(1000582,'PA31-350',105),(1000583,'PA23-250',106),(1000584,'C-90A',101),(1000585,'PA31-350',109),(1000586,'PA31-350',104),(1000587,'PA23-250',106),(1000588,'C-90A',105),(1000589,'PA31-350',109),(1000590,'PA31-350',104),(1000591,'PA23-250',101),(1000592,'PA31-350',105),(1000593,'PA31-350',106),(1000594,'C-90A',104),(1000595,'PA31-350',109),(1000596,'PA23-250',101),(1000597,'PA31-350',105),(1000598,'PA23-250',105),(1000599,'PA31-350',109),(1000600,'PA31-350',106),(1000601,'C-90A',104),(1000602,'PA23-250',105),(1000603,'PA31-350',101),(1000604,'C-90A',106),(1000605,'PA31-350',109),(1000606,'PA23-250',104),(1000607,'C-90A',101),(1000608,'PA31-350',105),(1000609,'PA23-250',106),(1000610,'PA31-350',109),(1000611,'C-90A',101),(1000612,'PA23-250',104),(1000613,'PA31-350',105),(1000614,'PA31-350',106),(1000615,'C-90A',109),(1000616,'PA23-250',104),(1000617,'PA31-350',105),(1000618,'PA31-350',106),(1000619,'PA23-250',101),(1000620,'C-90A',105),(1000621,'C-90A',104),(1000622,'PA31-350',101),(1000623,'PA31-350',105),(1000624,'PA23-250',106),(1000625,'C-90A',101),(1000626,'PA31-350',109),(1000627,'PA31-350',104),(1000628,'PA23-250',106),(1000629,'C-90A',105),(1000630,'PA31-350',109),(1000631,'PA23-250',101),(1000632,'PA31-350',106),(1000633,'PA23-250',105),(1000634,'PA31-350',104),(1000635,'C-90A',109),(1000636,'PA31-350',105),(1000637,'PA23-250',101),(1000638,'C-90A',106),(1000639,'PA31-350',105),(1000640,'PA23-250',101),(1000641,'PA31-350',109),(1000642,'C-90A',104),(1000643,'PA31-350',106),(1000644,'PA31-350',105),(1000645,'PA31-350',101),(1000646,'PA23-250',101),(1000647,'PA31-350',109),(1000648,'C-90A',105),(1000649,'PA23-250',106),(1000650,'PA31-350',104),(1000651,'PA31-350',109),(1000652,'C-90A',101),(1000653,'PA23-250',106),(1000654,'PA31-350',105),(1000655,'PA31-350',101),(1000656,'C-90A',109),(1000657,'C-90A',105),(1000658,'PA23-250',104),(1000659,'PA31-350',106),(1000660,'PA31-350',105),(1000661,'PA23-250',104),(1000662,'C-90A',109),(1000663,'PA31-350',106),(1000664,'PA31-350',105),(1000665,'PA23-250',104),(1000666,'C-90A',101),(1000667,'PA31-350',109),(1000668,'PA23-250',106),(1000669,'PA31-350',105),(1000670,'C-90A',101),(1000671,'PA23-250',104),(1000672,'PA31-350',109),(1000673,'C-90A',106),(1000674,'PA31-350',101),(1000675,'PA23-250',105),(1000676,'C-90A',104),(1000677,'PA31-350',106),(1000678,'PA31-350',109),(1000679,'PA23-250',105),(1000680,'C-90A',104),(1000681,'PA31-350',106),(1000682,'PA23-250',109),(1000683,'PA31-350',101),(1000684,'PA31-350',104),(1000685,'C-90A',105),(1000686,'PA23-250',106),(1000687,'C-90A',109),(1000688,'PA31-350',101),(1000689,'PA31-350',104),(1000690,'C-90A',105),(1000691,'PA23-250',106),(1000692,'PA31-350',109),(1000693,'PA31-350',101),(1000694,'PA23-250',105),(1000695,'C-90A',104),(1000696,'PA31-350',106),(1000697,'PA31-350',109),(1000698,'PA23-250',105),(1000699,'C-90A',101),(1000700,'PA31-350',104),(1000701,'PA31-350',109),(1000702,'PA23-250',106),(1000703,'PA31-350',105),(1000704,'C-90A',104),(1000705,'PA23-250',101),(1000706,'PA31-350',106),(1000707,'PA31-350',109),(1000708,'C-90A',105),(1000709,'PA31-350',101),(1000710,'PA31-350',104),(1000711,'PA23-250',106),(1000712,'C-90A',109),(1000713,'PA31-350',101),(1000714,'PA31-350',105),(1000715,'PA23-250',104),(1000716,'PA31-350',106),(1000717,'PA31-350',101),(1000718,'PA23-250',104),(1000719,'C-90A',105),(1000720,'PA31-350',101),(1000721,'C-90A',109),(1000722,'PA23-250',104),(1000723,'PA31-350',105),(1000724,'PA31-350',101),(1000725,'C-90A',105),(1000726,'PA31-350',109),(1000727,'PA31-350',106),(1000728,'PA23-250',101),(1000729,'C-90A',104),(1000730,'PA31-350',105),(1000731,'PA23-250',106),(1000732,'PA31-350',109),(1000733,'PA31-350',104),(1000734,'C-90A',101),(1000735,'PA23-250',105),(1000736,'PA31-350',106),(1000737,'PA31-350',104),(1000738,'C-90A',106),(1000739,'PA23-250',105),(1000740,'PA31-350',101),(1000741,'PA31-350',109),(1000742,'PA23-250',106),(1000743,'C-90A',105),(1000744,'PA31-350',104),(1000745,'PA31-350',101),(1000746,'C-90A',109),(1000747,'PA23-250',106),(1000748,'PA31-350',104),(1000749,'PA31-350',101),(1000750,'PA23-250',109),(1000751,'PA31-350',106),(1000752,'C-90A',104),(1000753,'PA23-250',105),(1000754,'PA31-350',109),(1000755,'PA31-350',106),(1000756,'C-90A',109),(1000757,'PA23-250',105),(1000758,'PA31-350',101),(1000759,'C-90A',106),(1000760,'PA31-350',109),(1000761,'PA23-250',104),(1000762,'C-90A',101),(1000763,'PA31-350',105),(1000764,'PA23-250',106),(1000765,'PA31-350',109),(1000766,'C-90A',101),(1000767,'PA31-350',101),(1000768,'PA31-350',104),(1000769,'C-90A',105),(1000770,'PA23-250',106),(1000771,'C-90A',109),(1000772,'PA31-350',101),(1000773,'PA31-350',104),(1000774,'C-90A',105),(1000775,'PA23-250',106),(1000776,'PA31-350',109),(1000777,'PA31-350',101),(1000778,'PA23-250',105),(1000779,'C-90A',104),(1000780,'PA31-350',106),(1000781,'PA31-350',109),(1000782,'PA23-250',105),(1000783,'C-90A',101),(1000784,'PA31-350',104),(1000785,'PA31-350',109),(1000786,'PA23-250',106),(1000787,'PA31-350',105),(1000788,'C-90A',104),(1000789,'PA23-250',101),(1000790,'PA31-350',106),(1000791,'PA31-350',109),(1000792,'C-90A',105),(1000793,'PA31-350',101),(1000794,'PA31-350',104),(1000795,'PA23-250',106),(1000796,'C-90A',109),(1000797,'PA31-350',101),(1000798,'PA31-350',105),(1000799,'PA23-250',104),(1000800,'PA31-350',106),(1000801,'PA31-350',101),(1000802,'PA23-250',104),(1000803,'C-90A',105),(1000804,'PA31-350',101),(1000805,'C-90A',109),(1000806,'PA23-250',104),(1000807,'PA31-350',105),(1000808,'PA31-350',101),(1000809,'C-90A',105),(1000810,'PA31-350',109),(1000811,'PA31-350',106),(1000812,'PA23-250',101),(1000813,'C-90A',104),(1000814,'PA31-350',105),(1000815,'PA23-250',106),(1000816,'PA31-350',109),(1000817,'PA31-350',104),(1000818,'C-90A',101),(1000819,'PA23-250',105),(1000820,'PA31-350',106),(1000821,'PA31-350',104),(1000822,'C-90A',106),(1000823,'PA23-250',105),(1000824,'PA31-350',101),(1000825,'PA31-350',109),(1000826,'PA23-250',106),(1000827,'C-90A',105),(1000828,'PA31-350',104),(1000829,'PA31-350',101),(1000830,'C-90A',109),(1000831,'PA23-250',106),(1000832,'PA31-350',104),(1000833,'PA31-350',101),(1000834,'PA23-250',109),(1000835,'PA31-350',106),(1000836,'C-90A',104),(1000837,'PA23-250',105),(1000838,'PA31-350',109),(1000839,'PA31-350',106),(1000840,'C-90A',109),(1000841,'PA23-250',105),(1000842,'PA31-350',101),(1000843,'C-90A',106),(1000844,'PA31-350',109),(1000845,'PA23-250',104),(1000846,'C-90A',101),(1000847,'PA31-350',105),(1000848,'PA23-250',106),(1000849,'PA31-350',109),(1000850,'C-90A',101),(1000851,'PA23-250',104),(1000852,'PA31-350',105),(1000853,'PA31-350',106),(1000854,'C-90A',109),(1000855,'PA23-250',104),(1000856,'PA31-350',105),(1000857,'PA31-350',106),(1000858,'PA23-250',104),(1000859,'C-90A',105),(1000860,'C-90A',109),(1000861,'PA31-350',101),(1000862,'PA31-350',105),(1000863,'PA23-250',106);
/*!40000 ALTER TABLE `charter_fact` ENABLE KEYS */;
UNLOCK TABLES;

--
-- Table structure for table `customer`
--

DROP TABLE IF EXISTS `customer`;
/*!40101 SET @saved_cs_client     = @@character_set_client */;
/*!50503 SET character_set_client = utf8mb4 */;
CREATE TABLE `customer` (
  `CUS_CODE` int NOT NULL,
  `CUS_LNAME` varchar(15) NOT NULL,
  `CUS_FNAME` varchar(15) NOT NULL,
  `CUS_INITIAL` char(1) DEFAULT NULL,
  `CUS_AREACODE` char(3) DEFAULT NULL,
  `CUS_PHONE` char(8) NOT NULL,
  `CUS_BALANCE` decimal(9,2) DEFAULT '0.00',
  PRIMARY KEY (`CUS_CODE`),
  UNIQUE KEY `CUS_UI1` (`CUS_LNAME`,`CUS_FNAME`,`CUS_PHONE`)
) ENGINE=InnoDB DEFAULT CHARSET=utf8mb4 COLLATE=utf8mb4_0900_ai_ci;
/*!40101 SET character_set_client = @saved_cs_client */;

--
-- Dumping data for table `customer`
--

LOCK TABLES `customer` WRITE;
/*!40000 ALTER TABLE `customer` DISABLE KEYS */;
INSERT INTO `customer` VALUES (10010,'Ramas','Alfred','A','615','844-2573',0.00),(10011,'Dunne','Leona','K','713','894-1238',0.00),(10012,'Smith','Kathy','W','615','894-2285',896.54),(10013,'Olowski','Peter','F','615','894-2180',1285.19),(10014,'Orlando','Myron',NULL,'615','222-1672',673.21),(10015,'O\'Brian','Amy','B','713','442-3381',1014.56),(10016,'Brown','James','G','615','297-1228',0.00),(10017,'Williams','George',NULL,'615','290-2556',768.93),(10018,'Farrish','Anne','G','713','382-7185',0.00),(10019,'Smith','Olette','K','615','297-3809',453.98);
/*!40000 ALTER TABLE `customer` ENABLE KEYS */;
UNLOCK TABLES;

--
-- Table structure for table `employee`
--

DROP TABLE IF EXISTS `employee`;
/*!40101 SET @saved_cs_client     = @@character_set_client */;
/*!50503 SET character_set_client = utf8mb4 */;
CREATE TABLE `employee` (
  `EMP_NUM` int NOT NULL,
  `EMP_TITLE` varchar(4) DEFAULT NULL,
  `EMP_LNAME` varchar(15) DEFAULT NULL,
  `EMP_FNAME` varchar(15) DEFAULT NULL,
  `EMP_INITIAL` varchar(1) DEFAULT NULL,
  `EMP_DOB` datetime DEFAULT NULL,
  `EMP_HIRE_DATE` datetime DEFAULT NULL,
  PRIMARY KEY (`EMP_NUM`)
) ENGINE=InnoDB DEFAULT CHARSET=utf8mb4 COLLATE=utf8mb4_0900_ai_ci;
/*!40101 SET character_set_client = @saved_cs_client */;

--
-- Dumping data for table `employee`
--

LOCK TABLES `employee` WRITE;
/*!40000 ALTER TABLE `employee` DISABLE KEYS */;
INSERT INTO `employee` VALUES (100,'Mr.','Kolmycz','George','D','1942-06-15 00:00:00','1985-03-15 00:00:00'),(101,'Ms.','Lewis','Rhonda','R','1965-03-19 00:00:00','1986-04-25 00:00:00'),(102,'Mr.','VanDam','Rhett','','1958-11-14 00:00:00','1990-12-20 00:00:00'),(103,'Ms.','Jones','Anne','M','1974-10-16 00:00:00','1994-08-28 00:00:00'),(104,'Mr.','Lange','John','P','1971-11-08 00:00:00','1994-10-20 00:00:00'),(105,'Mr.','Williams','Robert','D','1975-03-14 00:00:00','1994-11-08 00:00:00'),(106,'Mrs.','Duzak','Jeanine','K','1968-02-12 00:00:00','1989-01-05 00:00:00'),(107,'Mr.','Diante','Joel','D','1974-08-21 00:00:00','1994-07-02 00:00:00'),(108,'Mr.','Wiesenbach','Paul','R','1966-02-14 00:00:00','1992-11-18 00:00:00'),(109,'Ms.','Truitt','Elizabeth','K','1961-06-18 00:00:00','1989-04-14 00:00:00'),(110,'Mrs.','Genkazi','Leighla','W','1970-05-19 00:00:00','1990-12-01 00:00:00');
/*!40000 ALTER TABLE `employee` ENABLE KEYS */;
UNLOCK TABLES;

--
-- Table structure for table `model`
--

DROP TABLE IF EXISTS `model`;
/*!40101 SET @saved_cs_client     = @@character_set_client */;
/*!50503 SET character_set_client = utf8mb4 */;
CREATE TABLE `model` (
  `MOD_CODE` varchar(10) NOT NULL,
  `MOD_MANUFACTURER` varchar(15) DEFAULT NULL,
  `MOD_NAME` varchar(20) DEFAULT NULL,
  `MOD_SEATS` float DEFAULT NULL,
  `MOD_CHG_MILE` float DEFAULT NULL,
  `MOD_CRUISE` float DEFAULT NULL,
  `MOD_FUEL` float DEFAULT NULL,
  PRIMARY KEY (`MOD_CODE`)
) ENGINE=InnoDB DEFAULT CHARSET=utf8mb4 COLLATE=utf8mb4_0900_ai_ci;
/*!40101 SET character_set_client = @saved_cs_client */;

--
-- Dumping data for table `model`
--

LOCK TABLES `model` WRITE;
/*!40000 ALTER TABLE `model` DISABLE KEYS */;
INSERT INTO `model` VALUES ('C-90A','Beechcraft','KingAir',8,2.67,195,66),('PA23-250','Piper','Aztec',6,1.93,160,32),('PA31-350','Piper','Navajo Chieftain',10,2.35,180,40);
/*!40000 ALTER TABLE `model` ENABLE KEYS */;
UNLOCK TABLES;

--
-- Table structure for table `pilot`
--

DROP TABLE IF EXISTS `pilot`;
/*!40101 SET @saved_cs_client     = @@character_set_client */;
/*!50503 SET character_set_client = utf8mb4 */;
CREATE TABLE `pilot` (
  `EMP_NUM` int NOT NULL,
  `PIL_LICENSE` varchar(25) DEFAULT NULL,
  `PIL_RATINGS` varchar(25) DEFAULT NULL,
  `PIL_MED_TYPE` varchar(1) DEFAULT NULL,
  `PIL_MED_DATE` datetime DEFAULT NULL,
  `PIL_PT135_DATE` datetime DEFAULT NULL,
  PRIMARY KEY (`EMP_NUM`)
) ENGINE=InnoDB DEFAULT CHARSET=utf8mb4 COLLATE=utf8mb4_0900_ai_ci;
/*!40101 SET character_set_client = @saved_cs_client */;

--
-- Dumping data for table `pilot`
--

LOCK TABLES `pilot` WRITE;
/*!40000 ALTER TABLE `pilot` DISABLE KEYS */;
INSERT INTO `pilot` VALUES (101,'ATP','SEL/MEL/Instr/CFII','1','2018-01-12 00:00:00','2018-01-15 00:00:00'),(104,'ATP','SEL/MEL/Instr','1','2018-01-10 00:00:00','2015-12-23 00:00:00'),(105,'COM','SEL/MEL/Instr/CFI','2','2018-02-25 00:00:00','2018-02-12 00:00:00'),(106,'COM','SEL/MEL/Instr','2','2015-12-02 00:00:00','2018-01-24 00:00:00'),(109,'COM','SEL/MEL/SES/Instr/CFII','1','2018-01-14 00:00:00','2018-01-21 00:00:00');
/*!40000 ALTER TABLE `pilot` ENABLE KEYS */;
UNLOCK TABLES;

--
-- Table structure for table `time_dim`
--

DROP TABLE IF EXISTS `time_dim`;
/*!40101 SET @saved_cs_client     = @@character_set_client */;
/*!50503 SET character_set_client = utf8mb4 */;
CREATE TABLE `time_dim` (
  `TIME_ID` int NOT NULL AUTO_INCREMENT,
  `CHAR_YEAR` int DEFAULT NULL,
  `CHAR_MON` int DEFAULT NULL,
  `CHAR_DATE` datetime DEFAULT NULL,
  PRIMARY KEY (`TIME_ID`)
) ENGINE=InnoDB AUTO_INCREMENT=1000864 DEFAULT CHARSET=utf8mb4 COLLATE=utf8mb4_0900_ai_ci;
/*!40101 SET character_set_client = @saved_cs_client */;

--
-- Dumping data for table `time_dim`
--

LOCK TABLES `time_dim` WRITE;
/*!40000 ALTER TABLE `time_dim` DISABLE KEYS */;
INSERT INTO `time_dim` VALUES (1000001,2014,9,'2014-09-26 00:00:00'),(1000002,2014,9,'2014-09-28 00:00:00'),(1000003,2014,10,'2014-10-01 00:00:00'),(1000004,2014,10,'2014-10-01 00:00:00'),(1000005,2014,10,'2014-10-02 00:00:00'),(1000006,2014,10,'2014-10-04 00:00:00'),(1000007,2014,10,'2014-10-04 00:00:00'),(1000008,2014,10,'2014-10-06 00:00:00'),(1000009,2014,10,'2014-10-07 00:00:00'),(1000010,2014,10,'2014-10-08 00:00:00'),(1000011,2014,10,'2014-10-09 00:00:00'),(1000012,2014,10,'2014-10-10 00:00:00'),(1000013,2014,10,'2014-10-10 00:00:00'),(1000014,2014,10,'2014-10-11 00:00:00'),(1000015,2014,10,'2014-10-12 00:00:00'),(1000016,2014,10,'2014-10-15 00:00:00'),(1000017,2014,10,'2014-10-15 00:00:00'),(1000018,2014,10,'2014-10-17 00:00:00'),(1000019,2014,10,'2014-10-18 00:00:00'),(1000020,2014,10,'2014-10-19 00:00:00'),(1000021,2014,10,'2014-10-20 00:00:00'),(1000022,2014,10,'2014-10-22 00:00:00'),(1000023,2014,10,'2014-10-22 00:00:00'),(1000024,2014,10,'2014-10-24 00:00:00'),(1000025,2014,10,'2014-10-25 00:00:00'),(1000026,2014,10,'2014-10-26 00:00:00'),(1000027,2014,10,'2014-10-29 00:00:00'),(1000028,2014,10,'2014-10-29 00:00:00'),(1000029,2014,10,'2014-10-30 00:00:00'),(1000030,2014,10,'2014-10-31 00:00:00'),(1000031,2014,11,'2014-11-02 00:00:00'),(1000032,2014,11,'2014-11-03 00:00:00'),(1000033,2014,11,'2014-11-03 00:00:00'),(1000034,2014,11,'2014-11-07 00:00:00'),(1000035,2014,11,'2014-11-07 00:00:00'),(1000036,2014,11,'2014-11-10 00:00:00'),(1000037,2014,11,'2014-11-14 00:00:00'),(1000038,2014,11,'2014-11-14 00:00:00'),(1000039,2014,11,'2014-11-16 00:00:00'),(1000040,2014,11,'2014-11-19 00:00:00'),(1000041,2014,11,'2014-11-23 00:00:00'),(1000042,2014,11,'2014-11-23 00:00:00'),(1000043,2014,11,'2014-11-25 00:00:00'),(1000044,2014,11,'2014-11-26 00:00:00'),(1000045,2014,11,'2014-11-26 00:00:00'),(1000046,2014,11,'2014-11-27 00:00:00'),(1000047,2014,11,'2014-11-29 00:00:00'),(1000048,2014,11,'2014-11-29 00:00:00'),(1000049,2014,12,'2014-12-02 00:00:00'),(1000050,2014,12,'2014-12-03 00:00:00'),(1000051,2014,12,'2014-12-05 00:00:00'),(1000052,2014,12,'2014-12-06 00:00:00'),(1000053,2014,12,'2014-12-08 00:00:00'),(1000054,2014,12,'2014-12-13 00:00:00'),(1000055,2014,12,'2014-12-13 00:00:00'),(1000056,2014,12,'2014-12-16 00:00:00'),(1000057,2014,12,'2014-12-17 00:00:00'),(1000058,2014,12,'2014-12-17 00:00:00'),(1000059,2014,12,'2014-12-18 00:00:00'),(1000060,2014,12,'2014-12-19 00:00:00'),(1000061,2014,12,'2014-12-20 00:00:00'),(1000062,2014,12,'2014-12-24 00:00:00'),(1000063,2014,12,'2014-12-25 00:00:00'),(1000064,2014,12,'2014-12-27 00:00:00'),(1000065,2014,12,'2014-12-29 00:00:00'),(1000066,2015,1,'2015-01-01 00:00:00'),(1000067,2015,1,'2015-01-02 00:00:00'),(1000068,2015,1,'2015-01-04 00:00:00'),(1000069,2015,1,'2015-01-06 00:00:00'),(1000070,2015,1,'2015-01-06 00:00:00'),(1000071,2015,1,'2015-01-09 00:00:00'),(1000072,2015,1,'2015-01-09 00:00:00'),(1000073,2015,1,'2015-01-10 00:00:00'),(1000074,2015,1,'2015-01-12 00:00:00'),(1000075,2015,1,'2015-01-13 00:00:00'),(1000076,2015,1,'2015-01-14 00:00:00'),(1000077,2015,1,'2015-01-18 00:00:00'),(1000078,2015,1,'2015-01-19 00:00:00'),(1000079,2015,1,'2015-01-19 00:00:00'),(1000080,2015,1,'2015-01-20 00:00:00'),(1000081,2015,1,'2015-01-22 00:00:00'),(1000082,2015,1,'2015-01-25 00:00:00'),(1000083,2015,1,'2015-01-26 00:00:00'),(1000084,2015,1,'2015-01-27 00:00:00'),(1000085,2015,1,'2015-01-28 00:00:00'),(1000086,2015,1,'2015-01-30 00:00:00'),(1000087,2015,1,'2015-01-31 00:00:00'),(1000088,2015,2,'2015-02-02 00:00:00'),(1000089,2015,2,'2015-02-03 00:00:00'),(1000090,2015,2,'2015-02-05 00:00:00'),(1000091,2015,2,'2015-02-06 00:00:00'),(1000092,2015,2,'2015-02-07 00:00:00'),(1000093,2015,2,'2015-02-08 00:00:00'),(1000094,2015,2,'2015-02-11 00:00:00'),(1000095,2015,2,'2015-02-12 00:00:00'),(1000096,2015,2,'2015-02-12 00:00:00'),(1000097,2015,2,'2015-02-13 00:00:00'),(1000098,2015,2,'2015-02-15 00:00:00'),(1000099,2015,2,'2015-02-16 00:00:00'),(1000100,2015,2,'2015-02-17 00:00:00'),(1000101,2015,2,'2015-02-18 00:00:00'),(1000102,2015,2,'2015-02-19 00:00:00'),(1000103,2015,2,'2015-02-21 00:00:00'),(1000104,2015,2,'2015-02-22 00:00:00'),(1000105,2015,2,'2015-02-23 00:00:00'),(1000106,2015,2,'2015-02-25 00:00:00'),(1000107,2015,2,'2015-02-27 00:00:00'),(1000108,2015,2,'2015-02-27 00:00:00'),(1000109,2015,3,'2015-03-06 00:00:00'),(1000110,2015,3,'2015-03-06 00:00:00'),(1000111,2015,3,'2015-03-08 00:00:00'),(1000112,2015,3,'2015-03-08 00:00:00'),(1000113,2015,3,'2015-03-09 00:00:00'),(1000114,2015,3,'2015-03-12 00:00:00'),(1000115,2015,3,'2015-03-13 00:00:00'),(1000116,2015,3,'2015-03-13 00:00:00'),(1000117,2015,3,'2015-03-16 00:00:00'),(1000118,2015,3,'2015-03-17 00:00:00'),(1000119,2015,3,'2015-03-20 00:00:00'),(1000120,2015,3,'2015-03-21 00:00:00'),(1000121,2015,3,'2015-03-22 00:00:00'),(1000122,2015,3,'2015-03-22 00:00:00'),(1000123,2015,3,'2015-03-26 00:00:00'),(1000124,2015,3,'2015-03-28 00:00:00'),(1000125,2015,3,'2015-03-30 00:00:00'),(1000126,2015,3,'2015-03-31 00:00:00'),(1000127,2015,4,'2015-04-02 00:00:00'),(1000128,2015,4,'2015-04-05 00:00:00'),(1000129,2015,4,'2015-04-06 00:00:00'),(1000130,2015,4,'2015-04-07 00:00:00'),(1000131,2015,4,'2015-04-08 00:00:00'),(1000132,2015,4,'2015-04-10 00:00:00'),(1000133,2015,4,'2015-04-10 00:00:00'),(1000134,2015,4,'2015-04-11 00:00:00'),(1000135,2015,4,'2015-04-14 00:00:00'),(1000136,2015,4,'2015-04-14 00:00:00'),(1000137,2015,4,'2015-04-18 00:00:00'),(1000138,2015,4,'2015-04-19 00:00:00'),(1000139,2015,4,'2015-04-21 00:00:00'),(1000140,2015,4,'2015-04-24 00:00:00'),(1000141,2015,4,'2015-04-25 00:00:00'),(1000142,2015,4,'2015-04-26 00:00:00'),(1000143,2015,4,'2015-04-28 00:00:00'),(1000144,2015,4,'2015-04-29 00:00:00'),(1000145,2015,4,'2015-04-30 00:00:00'),(1000146,2015,5,'2015-05-03 00:00:00'),(1000147,2015,5,'2015-05-03 00:00:00'),(1000148,2015,5,'2015-05-04 00:00:00'),(1000149,2015,5,'2015-05-05 00:00:00'),(1000150,2015,5,'2015-05-07 00:00:00'),(1000151,2015,5,'2015-05-08 00:00:00'),(1000152,2015,5,'2015-05-08 00:00:00'),(1000153,2015,5,'2015-05-09 00:00:00'),(1000154,2015,5,'2015-05-11 00:00:00'),(1000155,2015,5,'2015-05-12 00:00:00'),(1000156,2015,5,'2015-05-13 00:00:00'),(1000157,2015,5,'2015-05-14 00:00:00'),(1000158,2015,5,'2015-05-14 00:00:00'),(1000159,2015,5,'2015-05-15 00:00:00'),(1000160,2015,5,'2015-05-17 00:00:00'),(1000161,2015,5,'2015-05-18 00:00:00'),(1000162,2015,5,'2015-05-20 00:00:00'),(1000163,2015,5,'2015-05-21 00:00:00'),(1000164,2015,5,'2015-05-21 00:00:00'),(1000165,2015,5,'2015-05-22 00:00:00'),(1000166,2015,5,'2015-05-24 00:00:00'),(1000167,2015,5,'2015-05-26 00:00:00'),(1000168,2015,5,'2015-05-28 00:00:00'),(1000169,2015,5,'2015-05-28 00:00:00'),(1000170,2015,5,'2015-05-31 00:00:00'),(1000171,2015,6,'2015-06-01 00:00:00'),(1000172,2015,6,'2015-06-02 00:00:00'),(1000173,2015,6,'2015-06-04 00:00:00'),(1000174,2015,6,'2015-06-06 00:00:00'),(1000175,2015,6,'2015-06-07 00:00:00'),(1000176,2015,6,'2015-06-08 00:00:00'),(1000177,2015,6,'2015-06-08 00:00:00'),(1000178,2015,6,'2015-06-09 00:00:00'),(1000179,2015,6,'2015-06-11 00:00:00'),(1000180,2015,6,'2015-06-12 00:00:00'),(1000181,2015,6,'2015-06-12 00:00:00'),(1000182,2015,6,'2015-06-13 00:00:00'),(1000183,2015,6,'2015-06-14 00:00:00'),(1000184,2015,6,'2015-06-17 00:00:00'),(1000185,2015,6,'2015-06-17 00:00:00'),(1000186,2015,6,'2015-06-19 00:00:00'),(1000187,2015,6,'2015-06-19 00:00:00'),(1000188,2015,6,'2015-06-20 00:00:00'),(1000189,2015,6,'2015-06-21 00:00:00'),(1000190,2015,6,'2015-06-23 00:00:00'),(1000191,2015,6,'2015-06-24 00:00:00'),(1000192,2015,6,'2015-06-25 00:00:00'),(1000193,2015,6,'2015-06-25 00:00:00'),(1000194,2015,6,'2015-06-27 00:00:00'),(1000195,2015,6,'2015-06-28 00:00:00'),(1000196,2015,6,'2015-06-30 00:00:00'),(1000197,2015,7,'2015-07-02 00:00:00'),(1000198,2015,7,'2015-07-04 00:00:00'),(1000199,2015,7,'2015-07-06 00:00:00'),(1000200,2015,7,'2015-07-08 00:00:00'),(1000201,2015,7,'2015-07-10 00:00:00'),(1000202,2015,7,'2015-07-12 00:00:00'),(1000203,2015,7,'2015-07-14 00:00:00'),(1000204,2015,7,'2015-07-16 00:00:00'),(1000205,2015,7,'2015-07-18 00:00:00'),(1000206,2015,7,'2015-07-20 00:00:00'),(1000207,2015,7,'2015-07-22 00:00:00'),(1000208,2015,7,'2015-07-24 00:00:00'),(1000209,2015,7,'2015-07-25 00:00:00'),(1000210,2015,7,'2015-07-27 00:00:00'),(1000211,2015,7,'2015-07-27 00:00:00'),(1000212,2015,7,'2015-07-29 00:00:00'),(1000213,2015,7,'2015-07-31 00:00:00'),(1000214,2015,8,'2015-08-01 00:00:00'),(1000215,2015,8,'2015-08-03 00:00:00'),(1000216,2015,8,'2015-08-05 00:00:00'),(1000217,2015,8,'2015-08-07 00:00:00'),(1000218,2015,8,'2015-08-09 00:00:00'),(1000219,2015,8,'2015-08-10 00:00:00'),(1000220,2015,8,'2015-08-12 00:00:00'),(1000221,2015,8,'2015-08-13 00:00:00'),(1000222,2015,8,'2015-08-15 00:00:00'),(1000223,2015,8,'2015-08-17 00:00:00'),(1000224,2015,8,'2015-08-21 00:00:00'),(1000225,2015,8,'2015-08-22 00:00:00'),(1000226,2015,8,'2015-08-24 00:00:00'),(1000227,2015,8,'2015-08-26 00:00:00'),(1000228,2015,8,'2015-08-28 00:00:00'),(1000229,2015,8,'2015-08-30 00:00:00'),(1000230,2015,8,'2015-08-31 00:00:00'),(1000231,2015,9,'2015-09-01 00:00:00'),(1000232,2015,9,'2015-09-03 00:00:00'),(1000233,2015,9,'2015-09-03 00:00:00'),(1000234,2015,9,'2015-09-04 00:00:00'),(1000235,2015,9,'2015-09-06 00:00:00'),(1000236,2015,9,'2015-09-06 00:00:00'),(1000237,2015,9,'2015-09-08 00:00:00'),(1000238,2015,9,'2015-09-11 00:00:00'),(1000239,2015,9,'2015-09-12 00:00:00'),(1000240,2015,9,'2015-09-13 00:00:00'),(1000241,2015,9,'2015-09-15 00:00:00'),(1000242,2015,9,'2015-09-16 00:00:00'),(1000243,2015,9,'2015-09-19 00:00:00'),(1000244,2015,9,'2015-09-21 00:00:00'),(1000245,2015,9,'2015-09-22 00:00:00'),(1000246,2015,9,'2015-09-24 00:00:00'),(1000247,2015,9,'2015-09-24 00:00:00'),(1000248,2015,9,'2015-09-25 00:00:00'),(1000249,2015,9,'2015-09-28 00:00:00'),(1000250,2015,9,'2015-09-30 00:00:00'),(1000251,2015,10,'2015-10-02 00:00:00'),(1000252,2015,10,'2015-10-03 00:00:00'),(1000253,2015,10,'2015-10-04 00:00:00'),(1000254,2015,10,'2015-10-06 00:00:00'),(1000255,2015,10,'2015-10-08 00:00:00'),(1000256,2015,10,'2015-10-10 00:00:00'),(1000257,2015,10,'2015-10-11 00:00:00'),(1000258,2015,10,'2015-10-12 00:00:00'),(1000259,2015,10,'2015-10-14 00:00:00'),(1000260,2015,10,'2015-10-16 00:00:00'),(1000261,2015,10,'2015-10-18 00:00:00'),(1000262,2015,10,'2015-10-20 00:00:00'),(1000263,2015,10,'2015-10-22 00:00:00'),(1000264,2015,10,'2015-10-23 00:00:00'),(1000265,2015,10,'2015-10-23 00:00:00'),(1000266,2015,10,'2015-10-26 00:00:00'),(1000267,2015,10,'2015-10-28 00:00:00'),(1000268,2015,10,'2015-10-29 00:00:00'),(1000269,2015,10,'2015-10-31 00:00:00'),(1000270,2015,11,'2015-11-02 00:00:00'),(1000271,2015,11,'2015-11-04 00:00:00'),(1000272,2015,11,'2015-11-05 00:00:00'),(1000273,2015,11,'2015-11-05 00:00:00'),(1000274,2015,11,'2015-11-08 00:00:00'),(1000275,2015,11,'2015-11-09 00:00:00'),(1000276,2015,11,'2015-11-09 00:00:00'),(1000277,2015,11,'2015-11-10 00:00:00'),(1000278,2015,11,'2015-11-10 00:00:00'),(1000279,2015,11,'2015-11-12 00:00:00'),(1000280,2015,11,'2015-11-14 00:00:00'),(1000281,2015,11,'2015-11-15 00:00:00'),(1000282,2015,11,'2015-11-16 00:00:00'),(1000283,2015,11,'2015-11-18 00:00:00'),(1000284,2015,11,'2015-11-19 00:00:00'),(1000285,2015,11,'2015-11-21 00:00:00'),(1000286,2015,11,'2015-11-22 00:00:00'),(1000287,2015,11,'2015-11-23 00:00:00'),(1000288,2015,11,'2015-11-24 00:00:00'),(1000289,2015,11,'2015-11-25 00:00:00'),(1000290,2015,11,'2015-11-26 00:00:00'),(1000291,2015,11,'2015-11-27 00:00:00'),(1000292,2015,11,'2015-11-28 00:00:00'),(1000293,2015,11,'2015-11-29 00:00:00'),(1000294,2015,11,'2015-11-29 00:00:00'),(1000295,2015,11,'2015-11-30 00:00:00'),(1000296,2015,12,'2015-12-02 00:00:00'),(1000297,2015,12,'2015-12-02 00:00:00'),(1000298,2015,12,'2015-12-03 00:00:00'),(1000299,2015,12,'2015-12-05 00:00:00'),(1000300,2015,12,'2015-12-08 00:00:00'),(1000301,2015,12,'2015-12-12 00:00:00'),(1000302,2015,12,'2015-12-13 00:00:00'),(1000303,2015,12,'2015-12-14 00:00:00'),(1000304,2015,12,'2015-12-15 00:00:00'),(1000305,2015,12,'2015-12-16 00:00:00'),(1000306,2015,12,'2015-12-16 00:00:00'),(1000307,2015,12,'2015-12-17 00:00:00'),(1000308,2015,12,'2015-12-19 00:00:00'),(1000309,2015,12,'2015-12-20 00:00:00'),(1000310,2015,12,'2015-12-21 00:00:00'),(1000311,2015,12,'2015-12-23 00:00:00'),(1000312,2015,12,'2015-12-23 00:00:00'),(1000313,2015,12,'2015-12-24 00:00:00'),(1000314,2015,12,'2015-12-26 00:00:00'),(1000315,2015,12,'2015-12-28 00:00:00'),(1000316,2015,12,'2015-12-28 00:00:00'),(1000317,2015,12,'2015-12-29 00:00:00'),(1000318,2015,12,'2015-12-29 00:00:00'),(1000319,2015,12,'2015-12-31 00:00:00'),(1000320,2016,1,'2016-01-01 00:00:00'),(1000321,2016,1,'2016-01-02 00:00:00'),(1000322,2016,1,'2016-01-04 00:00:00'),(1000323,2016,1,'2016-01-05 00:00:00'),(1000324,2016,1,'2016-01-06 00:00:00'),(1000325,2016,1,'2016-01-06 00:00:00'),(1000326,2016,1,'2016-01-07 00:00:00'),(1000327,2016,1,'2016-01-09 00:00:00'),(1000328,2016,1,'2016-01-10 00:00:00'),(1000329,2016,1,'2016-01-12 00:00:00'),(1000330,2016,1,'2016-01-13 00:00:00'),(1000331,2016,1,'2016-01-14 00:00:00'),(1000332,2016,1,'2016-01-14 00:00:00'),(1000333,2016,1,'2016-01-16 00:00:00'),(1000334,2016,1,'2016-01-18 00:00:00'),(1000335,2016,1,'2016-01-19 00:00:00'),(1000336,2016,1,'2016-01-20 00:00:00'),(1000337,2016,1,'2016-01-20 00:00:00'),(1000338,2016,1,'2016-01-22 00:00:00'),(1000339,2016,1,'2016-01-25 00:00:00'),(1000340,2016,1,'2016-01-26 00:00:00'),(1000341,2016,1,'2016-01-28 00:00:00'),(1000342,2016,2,'2016-02-01 00:00:00'),(1000343,2016,2,'2016-02-03 00:00:00'),(1000344,2016,2,'2016-02-03 00:00:00'),(1000345,2016,2,'2016-02-04 00:00:00'),(1000346,2016,2,'2016-02-06 00:00:00'),(1000347,2016,2,'2016-02-07 00:00:00'),(1000348,2016,2,'2016-02-08 00:00:00'),(1000349,2016,2,'2016-02-09 00:00:00'),(1000350,2016,2,'2016-02-11 00:00:00'),(1000351,2016,2,'2016-02-12 00:00:00'),(1000352,2016,2,'2016-02-12 00:00:00'),(1000353,2016,2,'2016-02-15 00:00:00'),(1000354,2016,2,'2016-02-15 00:00:00'),(1000355,2016,2,'2016-02-16 00:00:00'),(1000356,2016,2,'2016-02-18 00:00:00'),(1000357,2016,2,'2016-02-19 00:00:00'),(1000358,2016,2,'2016-02-20 00:00:00'),(1000359,2016,2,'2016-02-22 00:00:00'),(1000360,2016,2,'2016-02-23 00:00:00'),(1000361,2016,2,'2016-02-24 00:00:00'),(1000362,2016,2,'2016-02-26 00:00:00'),(1000363,2016,2,'2016-02-25 00:00:00'),(1000364,2016,2,'2016-02-28 00:00:00'),(1000365,2016,2,'2016-02-29 00:00:00'),(1000366,2016,3,'2016-03-02 00:00:00'),(1000367,2016,3,'2016-03-04 00:00:00'),(1000368,2016,3,'2016-03-06 00:00:00'),(1000369,2016,3,'2016-03-08 00:00:00'),(1000370,2016,3,'2016-03-10 00:00:00'),(1000371,2016,3,'2016-03-12 00:00:00'),(1000372,2016,3,'2016-03-14 00:00:00'),(1000373,2016,3,'2016-03-16 00:00:00'),(1000374,2016,3,'2016-03-18 00:00:00'),(1000375,2016,3,'2016-03-20 00:00:00'),(1000376,2016,3,'2016-03-21 00:00:00'),(1000377,2016,3,'2016-03-22 00:00:00'),(1000378,2016,3,'2016-03-25 00:00:00'),(1000379,2016,3,'2016-03-26 00:00:00'),(1000380,2016,3,'2016-03-29 00:00:00'),(1000381,2016,3,'2016-03-31 00:00:00'),(1000382,2016,4,'2016-04-01 00:00:00'),(1000383,2016,4,'2016-04-03 00:00:00'),(1000384,2016,4,'2016-04-04 00:00:00'),(1000385,2016,4,'2016-04-05 00:00:00'),(1000386,2016,4,'2016-04-05 00:00:00'),(1000387,2016,4,'2016-04-06 00:00:00'),(1000388,2016,4,'2016-04-07 00:00:00'),(1000389,2016,4,'2016-04-09 00:00:00'),(1000390,2016,4,'2016-04-10 00:00:00'),(1000391,2016,4,'2016-04-12 00:00:00'),(1000392,2016,4,'2016-04-13 00:00:00'),(1000393,2016,4,'2016-04-15 00:00:00'),(1000394,2016,4,'2016-04-17 00:00:00'),(1000395,2016,4,'2016-04-18 00:00:00'),(1000396,2016,4,'2016-04-19 00:00:00'),(1000397,2016,4,'2016-04-21 00:00:00'),(1000398,2016,4,'2016-04-22 00:00:00'),(1000399,2016,4,'2016-04-24 00:00:00'),(1000400,2016,4,'2016-04-25 00:00:00'),(1000401,2016,4,'2016-04-26 00:00:00'),(1000402,2016,4,'2016-04-28 00:00:00'),(1000403,2016,4,'2016-04-29 00:00:00'),(1000404,2016,5,'2016-05-01 00:00:00'),(1000405,2016,5,'2016-05-02 00:00:00'),(1000406,2016,5,'2016-05-03 00:00:00'),(1000407,2016,5,'2016-05-04 00:00:00'),(1000408,2016,5,'2016-05-05 00:00:00'),(1000409,2016,5,'2016-05-06 00:00:00'),(1000410,2016,5,'2016-05-08 00:00:00'),(1000411,2016,5,'2016-05-09 00:00:00'),(1000412,2016,5,'2016-05-11 00:00:00'),(1000413,2016,5,'2016-05-12 00:00:00'),(1000414,2016,5,'2016-05-14 00:00:00'),(1000415,2016,5,'2016-05-15 00:00:00'),(1000416,2016,5,'2016-05-16 00:00:00'),(1000417,2016,5,'2016-05-17 00:00:00'),(1000418,2016,5,'2016-05-17 00:00:00'),(1000419,2016,5,'2016-05-19 00:00:00'),(1000420,2016,5,'2016-05-20 00:00:00'),(1000421,2016,5,'2016-05-22 00:00:00'),(1000422,2016,5,'2016-05-24 00:00:00'),(1000423,2016,5,'2016-05-24 00:00:00'),(1000424,2016,5,'2016-05-28 00:00:00'),(1000425,2016,5,'2016-05-29 00:00:00'),(1000426,2016,5,'2016-05-30 00:00:00'),(1000427,2016,6,'2016-06-01 00:00:00'),(1000428,2016,6,'2016-06-03 00:00:00'),(1000429,2016,6,'2016-06-04 00:00:00'),(1000430,2016,6,'2016-06-06 00:00:00'),(1000431,2016,6,'2016-06-08 00:00:00'),(1000432,2016,6,'2016-06-09 00:00:00'),(1000433,2016,6,'2016-06-10 00:00:00'),(1000434,2016,6,'2016-06-10 00:00:00'),(1000435,2016,6,'2016-06-12 00:00:00'),(1000436,2016,6,'2016-06-14 00:00:00'),(1000437,2016,6,'2016-06-17 00:00:00'),(1000438,2016,6,'2016-06-18 00:00:00'),(1000439,2016,6,'2016-06-19 00:00:00'),(1000440,2016,6,'2016-06-21 00:00:00'),(1000441,2016,6,'2016-06-22 00:00:00'),(1000442,2016,6,'2016-06-24 00:00:00'),(1000443,2016,6,'2016-06-25 00:00:00'),(1000444,2016,6,'2016-06-26 00:00:00'),(1000445,2016,6,'2016-06-29 00:00:00'),(1000446,2016,6,'2016-06-29 00:00:00'),(1000447,2016,7,'2016-07-02 00:00:00'),(1000448,2016,7,'2016-07-03 00:00:00'),(1000449,2016,7,'2016-07-03 00:00:00'),(1000450,2016,7,'2016-07-06 00:00:00'),(1000451,2016,7,'2016-07-09 00:00:00'),(1000452,2016,7,'2016-07-10 00:00:00'),(1000453,2016,7,'2016-07-11 00:00:00'),(1000454,2016,7,'2016-07-12 00:00:00'),(1000455,2016,7,'2016-07-14 00:00:00'),(1000456,2016,7,'2016-07-15 00:00:00'),(1000457,2016,7,'2016-07-16 00:00:00'),(1000458,2016,7,'2016-07-17 00:00:00'),(1000459,2016,7,'2016-07-17 00:00:00'),(1000460,2016,7,'2016-07-19 00:00:00'),(1000461,2016,7,'2016-07-20 00:00:00'),(1000462,2016,7,'2016-07-21 00:00:00'),(1000463,2016,7,'2016-07-23 00:00:00'),(1000464,2016,7,'2016-07-24 00:00:00'),(1000465,2016,7,'2016-07-24 00:00:00'),(1000466,2016,7,'2016-07-25 00:00:00'),(1000467,2016,7,'2016-07-26 00:00:00'),(1000468,2016,7,'2016-07-27 00:00:00'),(1000469,2016,7,'2016-07-28 00:00:00'),(1000470,2016,7,'2016-07-29 00:00:00'),(1000471,2016,7,'2016-07-29 00:00:00'),(1000472,2016,7,'2016-07-31 00:00:00'),(1000473,2016,8,'2016-08-02 00:00:00'),(1000474,2016,8,'2016-08-03 00:00:00'),(1000475,2016,8,'2016-08-04 00:00:00'),(1000476,2016,8,'2016-08-08 00:00:00'),(1000477,2016,8,'2016-08-09 00:00:00'),(1000478,2016,8,'2016-08-12 00:00:00'),(1000479,2016,8,'2016-08-17 00:00:00'),(1000480,2016,8,'2016-08-19 00:00:00'),(1000481,2016,8,'2016-08-23 00:00:00'),(1000482,2016,8,'2016-08-25 00:00:00'),(1000483,2016,8,'2016-08-26 00:00:00'),(1000484,2016,8,'2016-08-29 00:00:00'),(1000485,2016,8,'2016-08-29 00:00:00'),(1000486,2016,9,'2016-09-01 00:00:00'),(1000487,2016,9,'2016-09-02 00:00:00'),(1000488,2016,9,'2016-09-02 00:00:00'),(1000489,2016,9,'2016-09-07 00:00:00'),(1000490,2016,9,'2016-09-07 00:00:00'),(1000491,2016,9,'2016-09-08 00:00:00'),(1000492,2016,9,'2016-09-09 00:00:00'),(1000493,2016,9,'2016-09-10 00:00:00'),(1000494,2016,9,'2016-09-13 00:00:00'),(1000495,2016,9,'2016-09-13 00:00:00'),(1000496,2016,9,'2016-09-16 00:00:00'),(1000497,2016,9,'2016-09-17 00:00:00'),(1000498,2016,9,'2016-09-20 00:00:00'),(1000499,2016,9,'2016-09-20 00:00:00'),(1000500,2016,9,'2016-09-24 00:00:00'),(1000501,2016,9,'2016-09-24 00:00:00'),(1000502,2016,9,'2016-09-28 00:00:00'),(1000503,2016,9,'2016-09-30 00:00:00'),(1000504,2016,9,'2016-09-30 00:00:00'),(1000505,2016,10,'2016-10-01 00:00:00'),(1000506,2016,10,'2016-10-03 00:00:00'),(1000507,2016,10,'2016-10-03 00:00:00'),(1000508,2016,10,'2016-10-04 00:00:00'),(1000509,2016,10,'2016-10-04 00:00:00'),(1000510,2016,10,'2016-10-10 00:00:00'),(1000511,2016,10,'2016-10-11 00:00:00'),(1000512,2016,10,'2016-10-11 00:00:00'),(1000513,2016,10,'2016-10-14 00:00:00'),(1000514,2016,10,'2016-10-17 00:00:00'),(1000515,2016,10,'2016-10-17 00:00:00'),(1000516,2016,10,'2016-10-20 00:00:00'),(1000517,2016,10,'2016-10-21 00:00:00'),(1000518,2016,10,'2016-10-22 00:00:00'),(1000519,2016,10,'2016-10-23 00:00:00'),(1000520,2016,10,'2016-10-26 00:00:00'),(1000521,2016,10,'2016-10-26 00:00:00'),(1000522,2016,10,'2016-10-29 00:00:00'),(1000523,2016,10,'2016-10-31 00:00:00'),(1000524,2016,10,'2016-10-31 00:00:00'),(1000525,2016,11,'2016-11-01 00:00:00'),(1000526,2016,11,'2016-11-02 00:00:00'),(1000527,2016,11,'2016-11-02 00:00:00'),(1000528,2016,11,'2016-11-06 00:00:00'),(1000529,2016,11,'2016-11-08 00:00:00'),(1000530,2016,11,'2016-11-09 00:00:00'),(1000531,2016,11,'2016-11-11 00:00:00'),(1000532,2016,11,'2016-11-12 00:00:00'),(1000533,2016,11,'2016-11-14 00:00:00'),(1000534,2016,11,'2016-11-15 00:00:00'),(1000535,2016,11,'2016-11-17 00:00:00'),(1000536,2016,11,'2016-11-19 00:00:00'),(1000537,2016,11,'2016-11-19 00:00:00'),(1000538,2016,11,'2016-11-21 00:00:00'),(1000539,2016,11,'2016-11-22 00:00:00'),(1000540,2016,11,'2016-11-23 00:00:00'),(1000541,2016,11,'2016-11-25 00:00:00'),(1000542,2016,11,'2016-11-28 00:00:00'),(1000543,2016,11,'2016-11-28 00:00:00'),(1000544,2016,12,'2016-12-02 00:00:00'),(1000545,2016,12,'2016-12-04 00:00:00'),(1000546,2016,12,'2016-12-05 00:00:00'),(1000547,2016,12,'2016-12-05 00:00:00'),(1000548,2016,12,'2016-12-07 00:00:00'),(1000549,2016,12,'2016-12-08 00:00:00'),(1000550,2016,12,'2016-12-10 00:00:00'),(1000551,2016,12,'2016-12-11 00:00:00'),(1000552,2016,12,'2016-12-13 00:00:00'),(1000553,2016,12,'2016-12-15 00:00:00'),(1000554,2016,12,'2016-12-17 00:00:00'),(1000555,2016,12,'2016-12-21 00:00:00'),(1000556,2016,12,'2016-12-22 00:00:00'),(1000557,2016,12,'2016-12-22 00:00:00'),(1000558,2016,12,'2016-12-24 00:00:00'),(1000559,2016,12,'2016-12-25 00:00:00'),(1000560,2016,12,'2016-12-26 00:00:00'),(1000561,2016,12,'2016-12-27 00:00:00'),(1000562,2016,12,'2016-12-29 00:00:00'),(1000563,2016,12,'2016-12-30 00:00:00'),(1000564,2016,12,'2016-12-30 00:00:00'),(1000565,2016,12,'2016-12-30 00:00:00'),(1000566,2017,1,'2017-01-01 00:00:00'),(1000567,2017,1,'2017-01-02 00:00:00'),(1000568,2017,1,'2017-01-02 00:00:00'),(1000569,2017,1,'2017-01-03 00:00:00'),(1000570,2017,1,'2017-01-03 00:00:00'),(1000571,2017,1,'2017-01-05 00:00:00'),(1000572,2017,1,'2017-01-06 00:00:00'),(1000573,2017,1,'2017-01-07 00:00:00'),(1000574,2017,1,'2017-01-07 00:00:00'),(1000575,2017,1,'2017-01-11 00:00:00'),(1000576,2017,1,'2017-01-11 00:00:00'),(1000577,2017,1,'2017-01-14 00:00:00'),(1000578,2017,1,'2017-01-18 00:00:00'),(1000579,2017,1,'2017-01-23 00:00:00'),(1000580,2017,2,'2017-02-04 00:00:00'),(1000581,2017,2,'2017-02-04 00:00:00'),(1000582,2017,2,'2017-02-04 00:00:00'),(1000583,2017,2,'2017-02-05 00:00:00'),(1000584,2017,2,'2017-02-05 00:00:00'),(1000585,2017,2,'2017-02-05 00:00:00'),(1000586,2017,2,'2017-02-05 00:00:00'),(1000587,2017,2,'2017-02-06 00:00:00'),(1000588,2017,2,'2017-02-06 00:00:00'),(1000589,2017,2,'2017-02-06 00:00:00'),(1000590,2017,2,'2017-02-06 00:00:00'),(1000591,2017,2,'2017-02-07 00:00:00'),(1000592,2017,2,'2017-02-07 00:00:00'),(1000593,2017,2,'2017-02-08 00:00:00'),(1000594,2017,2,'2017-02-08 00:00:00'),(1000595,2017,2,'2017-02-08 00:00:00'),(1000596,2017,2,'2017-02-09 00:00:00'),(1000597,2017,2,'2017-02-09 00:00:00'),(1000598,2017,2,'2017-02-08 00:00:00'),(1000599,2017,2,'2017-02-17 00:00:00'),(1000600,2017,2,'2017-02-21 00:00:00'),(1000601,2017,2,'2017-02-24 00:00:00'),(1000602,2017,2,'2017-02-28 00:00:00'),(1000603,2017,3,'2017-03-01 00:00:00'),(1000604,2017,3,'2017-03-01 00:00:00'),(1000605,2017,3,'2017-03-01 00:00:00'),(1000606,2017,3,'2017-03-02 00:00:00'),(1000607,2017,3,'2017-03-03 00:00:00'),(1000608,2017,3,'2017-03-05 00:00:00'),(1000609,2017,3,'2017-03-07 00:00:00'),(1000610,2017,3,'2017-03-08 00:00:00'),(1000611,2017,3,'2017-03-09 00:00:00'),(1000612,2017,3,'2017-03-10 00:00:00'),(1000613,2017,3,'2017-03-12 00:00:00'),(1000614,2017,3,'2017-03-14 00:00:00'),(1000615,2017,3,'2017-03-15 00:00:00'),(1000616,2017,3,'2017-03-17 00:00:00'),(1000617,2017,3,'2017-03-18 00:00:00'),(1000618,2017,3,'2017-03-20 00:00:00'),(1000619,2017,3,'2017-03-20 00:00:00'),(1000620,2017,3,'2017-03-22 00:00:00'),(1000621,2017,3,'2017-03-23 00:00:00'),(1000622,2017,3,'2017-03-24 00:00:00'),(1000623,2017,3,'2017-03-25 00:00:00'),(1000624,2017,3,'2017-03-26 00:00:00'),(1000625,2017,3,'2017-03-28 00:00:00'),(1000626,2017,3,'2017-03-30 00:00:00'),(1000627,2017,3,'2017-03-31 00:00:00'),(1000628,2017,3,'2017-03-31 00:00:00'),(1000629,2017,4,'2017-04-03 00:00:00'),(1000630,2017,4,'2017-04-06 00:00:00'),(1000631,2017,4,'2017-04-06 00:00:00'),(1000632,2017,4,'2017-04-11 00:00:00'),(1000633,2017,4,'2017-04-12 00:00:00'),(1000634,2017,4,'2017-04-12 00:00:00'),(1000635,2017,4,'2017-04-13 00:00:00'),(1000636,2017,4,'2017-04-15 00:00:00'),(1000637,2017,4,'2017-04-18 00:00:00'),(1000638,2017,4,'2017-04-19 00:00:00'),(1000639,2017,4,'2017-04-19 00:00:00'),(1000640,2017,4,'2017-04-24 00:00:00'),(1000641,2017,4,'2017-04-27 00:00:00'),(1000642,2017,4,'2017-04-28 00:00:00'),(1000643,2017,4,'2017-04-29 00:00:00'),(1000644,2017,5,'2017-05-03 00:00:00'),(1000645,2017,5,'2017-05-04 00:00:00'),(1000646,2017,5,'2017-05-06 00:00:00'),(1000647,2017,5,'2017-05-06 00:00:00'),(1000648,2017,5,'2017-05-10 00:00:00'),(1000649,2017,5,'2017-05-11 00:00:00'),(1000650,2017,5,'2017-05-14 00:00:00'),(1000651,2017,5,'2017-05-19 00:00:00'),(1000652,2017,5,'2017-05-22 00:00:00'),(1000653,2017,5,'2017-05-23 00:00:00'),(1000654,2017,5,'2017-05-23 00:00:00'),(1000655,2017,5,'2017-05-26 00:00:00'),(1000656,2017,5,'2017-05-26 00:00:00'),(1000657,2017,5,'2017-05-28 00:00:00'),(1000658,2017,5,'2017-05-28 00:00:00'),(1000659,2017,5,'2017-05-29 00:00:00'),(1000660,2017,5,'2017-05-31 00:00:00'),(1000661,2017,5,'2017-05-31 00:00:00'),(1000662,2017,6,'2017-06-01 00:00:00'),(1000663,2017,6,'2017-06-03 00:00:00'),(1000664,2017,6,'2017-06-04 00:00:00'),(1000665,2017,6,'2017-06-04 00:00:00'),(1000666,2017,6,'2017-06-06 00:00:00'),(1000667,2017,6,'2017-06-07 00:00:00'),(1000668,2017,6,'2017-06-07 00:00:00'),(1000669,2017,6,'2017-06-09 00:00:00'),(1000670,2017,6,'2017-06-10 00:00:00'),(1000671,2017,6,'2017-06-10 00:00:00'),(1000672,2017,6,'2017-06-12 00:00:00'),(1000673,2017,6,'2017-06-13 00:00:00'),(1000674,2017,6,'2017-06-14 00:00:00'),(1000675,2017,6,'2017-06-15 00:00:00'),(1000676,2017,6,'2017-06-16 00:00:00'),(1000677,2017,6,'2017-06-19 00:00:00'),(1000678,2017,6,'2017-06-21 00:00:00'),(1000679,2017,6,'2017-06-21 00:00:00'),(1000680,2017,6,'2017-06-23 00:00:00'),(1000681,2017,6,'2017-06-25 00:00:00'),(1000682,2017,6,'2017-06-26 00:00:00'),(1000683,2017,6,'2017-06-26 00:00:00'),(1000684,2017,7,'2017-07-03 00:00:00'),(1000685,2017,7,'2017-07-05 00:00:00'),(1000686,2017,7,'2017-07-05 00:00:00'),(1000687,2017,7,'2017-07-09 00:00:00'),(1000688,2017,7,'2017-07-10 00:00:00'),(1000689,2017,7,'2017-07-13 00:00:00'),(1000690,2017,7,'2017-07-15 00:00:00'),(1000691,2017,7,'2017-07-16 00:00:00'),(1000692,2017,7,'2017-07-17 00:00:00'),(1000693,2017,7,'2017-07-19 00:00:00'),(1000694,2017,7,'2017-07-21 00:00:00'),(1000695,2017,7,'2017-07-21 00:00:00'),(1000696,2017,7,'2017-07-22 00:00:00'),(1000697,2017,7,'2017-07-23 00:00:00'),(1000698,2017,7,'2017-07-23 00:00:00'),(1000699,2017,7,'2017-07-25 00:00:00'),(1000700,2017,7,'2017-07-26 00:00:00'),(1000701,2017,7,'2017-07-27 00:00:00'),(1000702,2017,7,'2017-07-28 00:00:00'),(1000703,2017,7,'2017-07-31 00:00:00'),(1000704,2017,7,'2017-07-31 00:00:00'),(1000705,2017,8,'2017-08-01 00:00:00'),(1000706,2017,8,'2017-08-02 00:00:00'),(1000707,2017,8,'2017-08-03 00:00:00'),(1000708,2017,8,'2017-08-05 00:00:00'),(1000709,2017,8,'2017-08-06 00:00:00'),(1000710,2017,8,'2017-08-07 00:00:00'),(1000711,2017,8,'2017-08-08 00:00:00'),(1000712,2017,8,'2017-08-11 00:00:00'),(1000713,2017,8,'2017-08-11 00:00:00'),(1000714,2017,8,'2017-08-13 00:00:00'),(1000715,2017,8,'2017-08-14 00:00:00'),(1000716,2017,8,'2017-08-16 00:00:00'),(1000717,2017,8,'2017-08-17 00:00:00'),(1000718,2017,8,'2017-08-18 00:00:00'),(1000719,2017,8,'2017-08-20 00:00:00'),(1000720,2017,8,'2017-08-21 00:00:00'),(1000721,2017,8,'2017-08-21 00:00:00'),(1000722,2017,8,'2017-08-22 00:00:00'),(1000723,2017,8,'2017-08-23 00:00:00'),(1000724,2017,8,'2017-08-24 00:00:00'),(1000725,2017,8,'2017-08-25 00:00:00'),(1000726,2017,8,'2017-08-26 00:00:00'),(1000727,2017,8,'2017-08-26 00:00:00'),(1000728,2017,8,'2017-08-30 00:00:00'),(1000729,2017,8,'2017-08-31 00:00:00'),(1000730,2017,9,'2017-09-01 00:00:00'),(1000731,2017,9,'2017-09-03 00:00:00'),(1000732,2017,9,'2017-09-03 00:00:00'),(1000733,2017,9,'2017-09-04 00:00:00'),(1000734,2017,9,'2017-09-06 00:00:00'),(1000735,2017,9,'2017-09-12 00:00:00'),(1000736,2017,9,'2017-09-12 00:00:00'),(1000737,2017,9,'2017-09-14 00:00:00'),(1000738,2017,9,'2017-09-18 00:00:00'),(1000739,2017,9,'2017-09-21 00:00:00'),(1000740,2017,9,'2017-09-23 00:00:00'),(1000741,2017,9,'2017-09-24 00:00:00'),(1000742,2017,9,'2017-09-24 00:00:00'),(1000743,2017,9,'2017-09-29 00:00:00'),(1000744,2017,9,'2017-09-30 00:00:00'),(1000745,2017,10,'2017-10-01 00:00:00'),(1000746,2017,10,'2017-10-03 00:00:00'),(1000747,2017,10,'2017-10-04 00:00:00'),(1000748,2017,10,'2017-10-06 00:00:00'),(1000749,2017,10,'2017-10-08 00:00:00'),(1000750,2017,10,'2017-10-08 00:00:00'),(1000751,2017,10,'2017-10-09 00:00:00'),(1000752,2017,10,'2017-10-10 00:00:00'),(1000753,2017,10,'2017-10-12 00:00:00'),(1000754,2017,10,'2017-10-12 00:00:00'),(1000755,2017,10,'2017-10-14 00:00:00'),(1000756,2017,10,'2017-10-15 00:00:00'),(1000757,2017,10,'2017-10-16 00:00:00'),(1000758,2017,10,'2017-10-19 00:00:00'),(1000759,2017,10,'2017-10-19 00:00:00'),(1000760,2017,10,'2017-10-20 00:00:00'),(1000761,2017,10,'2017-10-20 00:00:00'),(1000762,2017,10,'2017-10-22 00:00:00'),(1000763,2017,10,'2017-10-23 00:00:00'),(1000764,2017,10,'2017-10-24 00:00:00'),(1000765,2017,10,'2017-10-26 00:00:00'),(1000766,2017,10,'2017-10-26 00:00:00'),(1000767,2017,10,'2017-10-29 00:00:00'),(1000768,2017,10,'2017-10-29 00:00:00'),(1000769,2017,11,'2017-11-03 00:00:00'),(1000770,2017,11,'2017-11-04 00:00:00'),(1000771,2017,11,'2017-11-05 00:00:00'),(1000772,2017,11,'2017-11-10 00:00:00'),(1000773,2017,11,'2017-11-13 00:00:00'),(1000774,2017,11,'2017-11-16 00:00:00'),(1000775,2017,11,'2017-11-17 00:00:00'),(1000776,2017,11,'2017-11-18 00:00:00'),(1000777,2017,11,'2017-11-19 00:00:00'),(1000778,2017,11,'2017-11-21 00:00:00'),(1000779,2017,11,'2017-11-22 00:00:00'),(1000780,2017,11,'2017-11-22 00:00:00'),(1000781,2017,11,'2017-11-23 00:00:00'),(1000782,2017,11,'2017-11-24 00:00:00'),(1000783,2017,11,'2017-11-24 00:00:00'),(1000784,2017,11,'2017-11-25 00:00:00'),(1000785,2017,11,'2017-11-28 00:00:00'),(1000786,2017,11,'2017-11-28 00:00:00'),(1000787,2017,11,'2017-11-29 00:00:00'),(1000788,2017,11,'2017-11-29 00:00:00'),(1000789,2017,12,'2017-12-01 00:00:00'),(1000790,2017,12,'2017-12-02 00:00:00'),(1000791,2017,12,'2017-12-03 00:00:00'),(1000792,2017,12,'2017-12-04 00:00:00'),(1000793,2017,12,'2017-12-05 00:00:00'),(1000794,2017,12,'2017-12-06 00:00:00'),(1000795,2017,12,'2017-12-08 00:00:00'),(1000796,2017,12,'2017-12-09 00:00:00'),(1000797,2017,12,'2017-12-10 00:00:00'),(1000798,2017,12,'2017-12-11 00:00:00'),(1000799,2017,12,'2017-12-13 00:00:00'),(1000800,2017,12,'2017-12-13 00:00:00'),(1000801,2017,12,'2017-12-16 00:00:00'),(1000802,2017,12,'2017-12-17 00:00:00'),(1000803,2017,12,'2017-12-19 00:00:00'),(1000804,2017,12,'2017-12-20 00:00:00'),(1000805,2017,12,'2017-12-23 00:00:00'),(1000806,2017,12,'2017-12-24 00:00:00'),(1000807,2017,12,'2017-12-25 00:00:00'),(1000808,2017,12,'2017-12-27 00:00:00'),(1000809,2017,12,'2017-12-30 00:00:00'),(1000810,2017,12,'2017-12-30 00:00:00'),(1000811,2018,1,'2018-01-02 00:00:00'),(1000812,2018,1,'2018-01-05 00:00:00'),(1000813,2018,1,'2018-01-05 00:00:00'),(1000814,2018,1,'2018-01-07 00:00:00'),(1000815,2018,1,'2018-01-07 00:00:00'),(1000816,2018,1,'2018-01-10 00:00:00'),(1000817,2018,1,'2018-01-11 00:00:00'),(1000818,2018,1,'2018-01-12 00:00:00'),(1000819,2018,1,'2018-01-14 00:00:00'),(1000820,2018,1,'2018-01-16 00:00:00'),(1000821,2018,1,'2018-01-17 00:00:00'),(1000822,2018,1,'2018-01-18 00:00:00'),(1000823,2018,1,'2018-01-19 00:00:00'),(1000824,2018,1,'2018-01-21 00:00:00'),(1000825,2018,1,'2018-01-24 00:00:00'),(1000826,2018,1,'2018-01-24 00:00:00'),(1000827,2018,1,'2018-01-25 00:00:00'),(1000828,2018,1,'2018-01-26 00:00:00'),(1000829,2018,1,'2018-01-27 00:00:00'),(1000830,2018,1,'2018-01-28 00:00:00'),(1000831,2018,1,'2018-01-29 00:00:00'),(1000832,2018,1,'2018-01-30 00:00:00'),(1000833,2018,2,'2018-02-01 00:00:00'),(1000834,2018,2,'2018-02-02 00:00:00'),(1000835,2018,2,'2018-02-04 00:00:00'),(1000836,2018,2,'2018-02-05 00:00:00'),(1000837,2018,2,'2018-02-06 00:00:00'),(1000838,2018,2,'2018-02-07 00:00:00'),(1000839,2018,2,'2018-02-08 00:00:00'),(1000840,2018,2,'2018-02-09 00:00:00'),(1000841,2018,2,'2018-02-11 00:00:00'),(1000842,2018,2,'2018-02-12 00:00:00'),(1000843,2018,2,'2018-02-13 00:00:00'),(1000844,2018,2,'2018-02-22 00:00:00'),(1000845,2018,2,'2018-02-25 00:00:00'),(1000846,2018,2,'2018-02-28 00:00:00'),(1000847,2018,3,'2018-03-01 00:00:00'),(1000848,2018,3,'2018-03-01 00:00:00'),(1000849,2018,3,'2018-03-02 00:00:00'),(1000850,2018,3,'2018-03-04 00:00:00'),(1000851,2018,3,'2018-03-07 00:00:00'),(1000852,2018,3,'2018-03-08 00:00:00'),(1000853,2018,3,'2018-03-10 00:00:00'),(1000854,2018,3,'2018-03-13 00:00:00'),(1000855,2018,3,'2018-03-19 00:00:00'),(1000856,2018,3,'2018-03-19 00:00:00'),(1000857,2018,3,'2018-03-20 00:00:00'),(1000858,2018,3,'2018-03-21 00:00:00'),(1000859,2018,3,'2018-03-22 00:00:00'),(1000860,2018,3,'2018-03-23 00:00:00'),(1000861,2018,3,'2018-03-24 00:00:00'),(1000862,2018,3,'2018-03-25 00:00:00'),(1000863,2018,3,'2018-03-25 00:00:00');
/*!40000 ALTER TABLE `time_dim` ENABLE KEYS */;
UNLOCK TABLES;

--
-- Dumping events for database 'dwproject_dreamvaca'
--

--
-- Dumping routines for database 'dwproject_dreamvaca'
--
/*!40103 SET TIME_ZONE=@OLD_TIME_ZONE */;

/*!40101 SET SQL_MODE=@OLD_SQL_MODE */;
/*!40014 SET FOREIGN_KEY_CHECKS=@OLD_FOREIGN_KEY_CHECKS */;
/*!40014 SET UNIQUE_CHECKS=@OLD_UNIQUE_CHECKS */;
/*!40101 SET CHARACTER_SET_CLIENT=@OLD_CHARACTER_SET_CLIENT */;
/*!40101 SET CHARACTER_SET_RESULTS=@OLD_CHARACTER_SET_RESULTS */;
/*!40101 SET COLLATION_CONNECTION=@OLD_COLLATION_CONNECTION */;
/*!40111 SET SQL_NOTES=@OLD_SQL_NOTES */;

-- Dump completed on 2022-04-25  9:54:51
